gender,employment_type,annual_income,credit_score,debt_to_income,loan_amount,approved
Male,1,104971,676,0.5994463060166453,264371,0
Female,1,133302,806,0.26331962471295545,471688,1
Female,0,30162,713,0.4740919560244232,112166,0
Female,0,64742,584,0.5033325265134082,24506,0
Male,0,49675,743,0.5290116355036146,235413,0
Male,0,103997,740,0.5988141487010783,483070,0
Male,0,47015,653,0.22074824262843393,123604,0
Female,0,80057,572,0.12017541342984986,36026,1
Female,1,62591,814,0.30559575899729297,430888,0
Female,1,123583,839,0.16504033491447348,441633,1
Male,1,130318,809,0.11121294458102757,324557,1
Female,0,39833,624,0.28021341357074303,265116,0
Female,0,37896,621,0.4918691255376182,337210,0
Male,1,62972,808,0.3830903456125354,200285,0
Male,0,79733,737,0.25638899460517706,60971,1
Male,0,71800,722,0.4271710027463599,430497,0
Male,1,126044,839,0.21600909015440536,123978,1
Female,1,35347,594,0.10719072303604252,169163,0
Male,0,89063,610,0.48217669321821366,322638,0
Male,1,125850,632,0.4118715424320045,113864,1
Female,0,32643,672,0.48115131225048,421826,0
Male,1,70785,565,0.11946900834383281,404295,0
Male,0,48681,615,0.5185598139153261,105386,0
Male,0,80026,694,0.40976310001815164,449967,0
Male,0,133864,711,0.38169767535632004,96126,1
Female,1,45892,783,0.4123070240572658,458648,0
Male,0,77299,693,0.5322166234341821,172023,0
Female,0,47073,737,0.39346825327945356,90863,0
Female,1,132304,562,0.3904751899440897,350435,0
Male,0,60682,733,0.5953395785328829,135659,0
Female,1,127798,660,0.478365083534284,200944,1
Male,1,126894,839,0.3211469027255677,17235,1
Male,1,44289,844,0.45369850001646383,354877,0
Female,1,145359,764,0.2946152358458942,72712,1
Female,1,37927,669,0.2144377312417495,162545,0
Female,0,78330,604,0.39842593844387975,208639,0
Male,1,96707,576,0.5640910490569757,247890,0
Male,0,107454,667,0.5645697600077314,135849,1
Female,1,137439,770,0.27095263905274514,265493,1
Male,1,134646,780,0.36383873311084747,89823,1
Male,1,95428,602,0.2058179492849306,114215,1
Male,0,80601,844,0.5978155547494417,251071,0
Male,1,107465,782,0.5905589539339678,42230,1
Female,0,32539,707,0.4247544648537237,356717,0
Male,0,132263,818,0.5022070298387367,233660,1
Female,0,141487,570,0.45755008064185,472092,0
Male,1,52669,602,0.3965791095197341,312788,0
Female,1,100968,824,0.12667399849444885,189736,1
Female,0,50644,830,0.3273821712763305,317347,0
Male,1,48745,763,0.43739315108370524,338821,0
Female,0,58228,580,0.4387658069418423,428641,0
Female,1,148358,732,0.28656130921119183,133246,1
Female,0,64521,572,0.5708459933290153,94817,0
Female,0,127239,581,0.1836785161183905,248657,1
Female,0,56928,623,0.35017972310778034,227033,0
Female,1,48322,559,0.44544198827541137,241414,0
Male,0,87714,603,0.44856790294590465,266812,0
Male,1,117896,601,0.42431947838440776,341950,0
Male,1,92292,697,0.2376441067259301,314958,0
Male,0,59055,709,0.178103284343311,80219,1
Male,0,72891,563,0.41797016341335547,452862,0
Male,0,111912,727,0.3996510580697189,180956,1
Female,0,36588,602,0.1896780051446205,367489,0
Male,1,120536,571,0.45256957278528165,267134,0
Male,1,36304,579,0.32758599586682824,372232,0
Female,0,37345,740,0.4338802958015765,341466,0
Male,1,59300,809,0.5186835398850753,31650,0
Female,1,54259,754,0.1848642142884616,366386,0
Male,1,121006,608,0.10957243399841834,412406,1
Female,1,118553,813,0.48955129319789337,310340,1
Female,1,45352,561,0.40484871257630795,180521,0
Male,1,63365,668,0.4498197848110609,180733,0
Male,1,49446,839,0.5190774874943213,301853,0
Female,1,32336,797,0.5014054674122502,252037,0
Female,0,92032,676,0.5804600734644123,90428,0
Female,1,105415,624,0.3679675394260591,216251,0
Female,1,127852,753,0.3442478163299527,19943,1
Male,0,128876,598,0.300943599945365,184312,1
Male,1,37521,628,0.17684552142210228,448976,0
Male,0,101707,790,0.3863036164410112,31042,1
Female,0,53481,703,0.2385062621629894,262842,0
Female,1,48474,823,0.5606537561064877,316038,0
Male,1,76760,645,0.3915954021385488,410085,0
Male,0,85718,763,0.3964200902540551,464294,0
Male,0,74629,843,0.277462330438505,328903,0
Male,1,75232,758,0.12599467598885375,378117,1
Female,0,116544,637,0.11587188268649432,316450,1
Female,1,97169,813,0.3116675720765988,380513,0
Female,0,80669,706,0.14228268904861893,196443,0
Male,1,108021,705,0.4034234777700696,161990,1
Male,0,139153,688,0.5404865028198287,300523,1
Female,0,99184,670,0.5414574082593611,392811,0
Female,0,77945,614,0.42952270506611623,494026,0
Female,1,43140,656,0.2056159157364655,224304,0
Female,1,113457,696,0.531498415679436,406178,0
Male,1,44357,686,0.5430467176566041,154923,0
Female,1,141672,711,0.19832679247647936,389770,1
Male,1,98673,649,0.46871304288533866,448963,0
Male,0,95633,690,0.24325977446356148,397324,1
Male,1,106943,632,0.5013201561764649,324493,0
Male,1,126111,726,0.5986189499518013,211904,1
Female,0,108258,747,0.11501300266469641,197428,1
Male,0,42924,661,0.548682932895466,155817,0
Female,0,99286,605,0.41131526679932906,15730,1
Female,0,123269,728,0.5866913095824106,417137,0
Male,1,104071,735,0.33250475876321384,239502,1
Male,1,87326,767,0.5236939652856869,212210,0
Female,0,120023,766,0.13119703429913862,224183,1
Male,0,60651,669,0.2676395250391479,29023,1
Male,1,100202,724,0.133508268875605,448565,1
Male,0,78777,572,0.5876715667395352,136796,0
Male,1,46994,762,0.5084869536359183,353677,0
Female,1,97263,784,0.5262737106229852,355430,0
Female,1,89634,562,0.5689826157169471,314123,0
Female,1,130158,650,0.14255174305989268,294981,1
Female,1,40800,573,0.2927987962566667,418213,0
Female,1,67823,560,0.13551744452200107,377119,0
Male,0,138575,822,0.2053965507750143,491819,1
Female,1,93878,830,0.21468288851883618,186111,1
Female,1,48708,643,0.3345536055237893,30923,0
Female,0,42819,750,0.2342810837268213,281020,0
Female,0,104905,570,0.15048905340888055,333117,1
Male,0,93870,760,0.18374554454705386,406103,1
Male,0,39283,689,0.17363778177604547,204795,0
Male,0,60573,842,0.5865383989561491,314566,0
Male,1,108707,847,0.47964625345923684,243462,1
Female,1,60933,650,0.583880732634781,61413,0
Female,1,35774,577,0.3198702432539543,374628,0
Male,1,102055,590,0.2391842408313283,406057,0
Female,1,40983,695,0.4991465986045933,265719,0
Male,0,126468,805,0.26312695902057337,38756,1
Male,1,126334,776,0.24969168685267415,343720,1
Male,1,48133,785,0.2162529961039156,128248,0
Male,1,44939,562,0.16483948911211768,282448,0
Female,0,30781,759,0.228231530508383,40341,0
Male,1,144586,778,0.2776598742369438,407974,1
Female,0,86700,649,0.4369971040728652,420226,0
Female,1,57624,580,0.1312824211097258,137039,0
Male,1,36823,565,0.20525346983267148,201830,0
Female,1,48489,686,0.5045118201458382,172730,0
Female,0,148555,715,0.1734609617918854,190074,1
Male,1,69961,649,0.27132257326126075,244390,0
Male,0,149664,658,0.5323294609290701,142447,1
Male,1,59118,722,0.17746265557172133,109485,1
Male,1,130417,786,0.14136841780909495,294236,1
Male,0,111816,711,0.3422689975400054,141562,1
Female,0,52263,765,0.2512097556392682,13729,0
Female,0,43565,813,0.38170418224192704,147046,0
Male,0,50354,812,0.5019024452417375,128222,0
Male,0,72951,841,0.1685742440763716,357360,0
Female,0,121179,823,0.39034954227714247,93860,1
Male,0,53648,552,0.352754380194932,268360,0
Male,0,80729,577,0.1720393930065998,369014,0
Male,0,71971,698,0.4119992427644912,31398,0
Female,0,48658,577,0.23682020893038583,306794,0
Male,0,51253,614,0.3439171592720063,424508,0
Female,1,94166,570,0.14113616213853095,113889,1
Female,0,78563,801,0.32979202860681156,275303,0
Male,0,56390,784,0.2532317340214102,370306,0
Female,1,118664,776,0.5111906055926771,465982,0
Male,0,81578,562,0.12848936349868414,235959,0
Female,1,109025,598,0.309303637459165,112834,1
Female,1,133850,667,0.329215712065719,420281,1
Female,0,62658,603,0.4625030381495594,31638,0
Male,1,36852,687,0.3871437875451055,273217,0
Female,0,124986,602,0.43360616859709056,449727,0
Male,0,32551,593,0.48852464282587804,225379,0
Male,1,101947,602,0.5311014868290944,242069,0
Male,1,91001,623,0.2569377483612353,39320,1
Female,1,79159,595,0.3690113526819515,473092,0
Female,0,81707,562,0.5200540392195999,44924,0
Male,0,63243,714,0.5947255654825282,222792,0
Female,0,51800,651,0.5447596555218815,443950,0
Male,1,105939,829,0.28573363131218843,340260,1
Female,0,87828,807,0.1975832586093252,181097,1
Male,1,37239,687,0.3446962687032944,497719,0
Female,0,36710,712,0.47082072591802115,12159,0
Male,1,51384,660,0.3462845353766488,58940,0
Female,0,51038,651,0.3415904316568342,89436,0
Male,1,70846,566,0.5191152105409003,480192,0
Male,0,117983,817,0.2807018895335932,24678,1
Male,1,97821,731,0.5298973374058228,202147,0
Female,0,67991,573,0.30340240047586176,450420,0
Female,0,109057,578,0.2641165528391697,415237,0
Male,1,143193,720,0.3269949555998495,147844,1
Female,0,36971,777,0.48122347933743426,77163,0
Female,0,59139,737,0.16300101393199715,251040,0
Female,1,115445,779,0.1982096079360087,214827,1
Female,1,107067,668,0.575722412831546,164536,0
Male,0,110257,705,0.1877458136906787,61137,1
Male,1,114742,821,0.3838636589655273,433448,1
Female,1,67711,724,0.3896572333309689,333641,0
Female,1,36530,653,0.3448122310251224,477240,0
Female,0,41116,641,0.42237262428840927,110485,0
Male,1,95794,735,0.21491336289880922,250970,1
Male,0,30282,832,0.37633113388837414,454664,0
Female,0,109473,730,0.2860866276234486,115468,1
Female,0,31898,719,0.4308336298145945,487733,0
Female,0,34135,736,0.17061177168657474,10901,0
Female,1,36629,724,0.38543870841973815,97980,0
Female,0,139472,771,0.19263517769166186,379738,1
Male,1,115120,782,0.2393215315575182,486813,1
Male,1,149798,711,0.20935490016179162,275025,1
Female,1,119087,683,0.19141888993440856,302007,1
Female,1,95031,773,0.5128554757803335,252434,0
Male,0,63380,702,0.24285378383044517,408838,0
Male,0,142507,582,0.5635618909322246,404594,0
Female,1,47071,604,0.5849632626725955,486384,0
Male,1,50074,556,0.38563023496854865,497063,0
Male,0,120724,793,0.1715005613328632,212258,1
Female,1,97843,675,0.2872741216897906,317345,0
Female,1,69901,561,0.498866131674107,261839,0
Female,1,41205,565,0.28369536434853526,331395,0
Male,0,85661,757,0.14350860915139438,82572,1
Female,0,35906,592,0.37839245546409395,49255,0
Male,1,32591,684,0.5225604257480174,73212,0
Male,1,92987,777,0.49796319357175123,322354,0
Female,0,93370,660,0.18756157006517662,397773,0
Female,0,110685,709,0.4363823072062334,32499,1
Female,1,140454,813,0.21025213171782356,112552,1
Female,0,135487,774,0.20910376727608612,454844,1
Female,1,84400,766,0.5370358866525926,71360,0
Male,1,55150,594,0.22483447637011508,407819,0
Male,0,61852,763,0.2316236732590056,496525,0
Male,1,72870,608,0.10032669538064978,399610,1
Male,0,149796,681,0.5353345170627588,357617,1
Female,1,82756,653,0.49629740660456734,153704,0
Male,1,145357,744,0.41366446754533903,171679,1
Female,0,149052,706,0.47513288196942116,101873,1
Female,1,86481,647,0.1760242837122459,75756,1
Female,0,31283,775,0.3291617972937877,450210,0
Female,1,63691,754,0.2756096936743905,204454,0
Female,1,31125,628,0.14688826312850825,473570,0
Male,1,97065,673,0.3430652426074621,328488,0
Male,0,56170,767,0.5603698251713177,456991,0
Female,1,38438,553,0.12002955952534725,410565,0
Male,0,50095,639,0.24573045674689695,343298,0
Male,1,46154,653,0.20377046810285174,37464,0
Female,0,38004,668,0.21907332683284816,445840,0
Male,1,39752,682,0.5542172759396876,131897,0
Female,0,85426,645,0.3340345271171451,309488,0
Female,0,138896,692,0.3331497064699094,93791,1
Female,0,56819,837,0.48028782122764113,165371,0
Male,0,132168,577,0.1772461020024629,189047,1
Male,0,122051,827,0.3436326770500254,142534,1
Female,0,54217,782,0.3149926070605299,392353,0
Male,1,118708,566,0.39845534527332804,91441,1
Female,1,62994,608,0.5997788516252193,362600,0
Female,0,45036,639,0.4847244470410236,353932,0
Female,0,107275,748,0.2989328515087136,247612,1
Male,0,127756,575,0.5137765261370235,443797,0
Male,1,79416,574,0.1853541816562401,241444,0
Female,1,39587,816,0.11523184315448007,474505,0
Male,1,140053,730,0.20222418623213653,286319,1
Male,0,125665,617,0.27020577805712986,147263,1
Female,1,30645,598,0.35529037872978,355578,0
Female,1,60930,724,0.4075645702705999,94518,0
Female,1,111835,601,0.5553028586072108,221230,0
Female,1,60090,651,0.35492700477522887,338681,0
Male,1,117489,765,0.35063782231286467,387865,1
Female,1,82142,737,0.12512150491149107,57645,1
Female,0,141979,606,0.11745577632811191,249608,1
Male,1,56475,596,0.375579980958186,33283,0
Female,1,48888,708,0.31908930662417223,359115,0
Female,1,73732,723,0.5195901974901493,364903,0
Female,1,111623,791,0.1803397923559226,200195,1
Female,1,76305,831,0.1124858310585248,112780,1
Female,1,76037,790,0.32451938396506297,433240,0
Male,0,39346,554,0.21873927837612875,452846,0
Male,1,30587,633,0.12480718666941873,302878,0
Female,0,42763,797,0.4622991434238145,10515,0
Female,0,89165,603,0.15579649997862374,382926,0
Female,0,137481,710,0.4041597500038858,338871,1
Female,1,99615,775,0.24052487508344458,238872,1
Female,1,66116,564,0.18674802517751102,381308,0
Female,1,115751,773,0.28987576145965877,318360,1
Female,1,121353,610,0.5007228881114768,343977,0
Female,0,120301,671,0.2960467884522864,68755,1
Female,1,125648,826,0.4753848246055279,37856,1
Female,1,55556,595,0.16274314839957535,83870,0
Female,0,89042,843,0.4863857098325396,427378,0
Male,0,48099,611,0.21846666245332433,147080,0
Male,1,139089,635,0.43869656494443643,280131,1
Male,1,75096,759,0.38289077742049815,465748,0
Female,1,101986,627,0.5645723586058436,106502,0
Male,1,43230,751,0.29366125898765705,406548,0
Male,1,59009,772,0.13308259441722023,76323,0
Female,1,100969,771,0.10957774277562646,442206,1
Male,1,63866,552,0.5134292804863766,282017,0
Female,1,135400,555,0.3623678188307161,223614,1
Male,1,114246,642,0.4876220259174746,488977,0
Male,1,106975,557,0.21721280000575735,177516,1
Female,1,71855,784,0.2725418727566169,438556,0
Male,0,111557,657,0.11505193610565947,115219,1
Male,0,36416,710,0.5807461622870561,15033,0
Female,1,102516,758,0.43393395335040674,345468,0
Female,1,85915,789,0.5666025438796531,287833,0
Male,1,48058,599,0.23274820371453617,119756,0
Female,0,106637,560,0.4057318056128304,490350,0
Male,0,70718,705,0.4392499841463189,498455,0
Male,1,62602,619,0.2587748501287942,272210,0
Female,0,104658,718,0.524054617507815,124159,1
Female,1,108112,821,0.5735807314501239,186318,0
Female,1,88067,617,0.5424275588480022,17533,0
Female,0,57516,801,0.4695334879696863,483855,0
Female,0,117969,597,0.23873233986247702,211224,1
Female,0,31089,733,0.24080802105281587,252653,0
Male,0,67346,736,0.5816801602230189,387972,0
Female,1,104663,639,0.10514224796784602,331802,1
Male,0,40487,688,0.45802498662107227,310642,0
Male,1,30155,638,0.4531230812776311,119028,0
Male,0,97494,823,0.4113447704748987,283916,1
Male,1,106229,568,0.5950544230434329,361529,0
Female,0,134648,703,0.25593971788186265,452252,1
Female,1,68547,809,0.2699859318966241,461747,0
Female,0,58795,657,0.13946970147327778,260231,0
Male,1,85296,834,0.3213990682718687,22940,1
Male,0,51447,608,0.23052426311742405,390171,0
Male,1,66598,674,0.2716933510888221,26932,1
Male,1,71814,822,0.5172858951278139,236377,0
Female,1,120751,656,0.5677422567637479,460043,0
Female,1,105330,848,0.19286653600259282,464647,1
Female,0,128745,794,0.28625446577673297,34648,1
Male,1,117960,796,0.564315281057697,42966,1
Female,0,93278,557,0.13090423034461132,430993,0
Female,1,85077,690,0.14618026405568926,265733,0
Female,1,142782,557,0.1813954946031147,173639,1
Female,0,132932,643,0.39760641706343736,256331,1
Male,0,101906,588,0.17523613550299874,420390,1
Male,1,39528,630,0.5840381907253668,52598,0
Male,1,123812,736,0.3233572636292602,200271,1
Female,0,80100,633,0.3507589801750832,417014,0
Male,1,139869,637,0.22332930790270325,468580,1
Male,0,38179,791,0.3354801262173668,420774,0
Male,0,78781,642,0.4309568163185058,333228,0
Male,0,85267,635,0.47558856847702136,185309,0
Female,1,112379,593,0.47693404135495654,206569,0
Female,0,53952,686,0.3889455563470442,141250,0
Male,1,83798,623,0.5521798874969286,258004,0
Male,1,128696,585,0.5087039236530547,489222,0
Male,1,140434,650,0.4785240573493127,27118,1
Male,1,80939,705,0.12780276084023032,32616,1
Male,0,59516,804,0.10343898110982466,141870,1
Male,0,86526,720,0.20622363859773649,279745,1
Male,0,40449,765,0.4317617969567261,297507,0
Female,1,80290,719,0.3055987444412729,12795,1
Female,1,116661,801,0.3012031296496559,107462,1
Male,1,102954,604,0.5422934441148068,448480,0
Male,0,52746,640,0.5477814240659193,375036,0
Female,1,97990,827,0.5545876320267928,344977,0
Female,0,88810,650,0.25693903825751363,275228,0
Female,1,148362,704,0.4455279063696309,368009,1
Female,1,113297,690,0.23581659063718483,479862,1
Male,0,45223,722,0.1953049165372249,272875,0
Male,1,102237,559,0.1923162286736846,142201,1
Female,0,32597,777,0.271053810431797,169094,0
Male,0,95677,814,0.3149788098899109,273749,1
Female,1,32659,797,0.5154745855275342,87506,0
Female,1,116516,796,0.15994554673635605,250313,1
Female,1,104567,704,0.46746292369744713,54130,1
Male,0,45037,583,0.3657274570946527,432481,0
Female,1,76738,678,0.24397267133799624,173402,0
Male,0,133965,709,0.34640979226641233,340613,1
Female,0,101678,638,0.24997103488851133,156259,1
Female,0,42109,642,0.398040977619153,429007,0
Male,1,52010,790,0.3169219614276221,362580,0
Female,0,38787,666,0.18220276453943937,211682,0
Female,0,138400,643,0.15829153727784837,384485,1
Male,1,38472,712,0.3733478410360651,233034,0
Male,1,145111,648,0.5512065166430518,443083,1
Male,0,53383,662,0.2719788432788428,404109,0
Male,1,91709,640,0.46650005361131164,109694,0
Male,0,99785,755,0.4293306774698835,29773,1
Female,1,143253,566,0.5657774571547405,276383,0
Male,1,64518,823,0.5104905086495705,293007,0
Male,0,83909,722,0.3833026294527315,323559,0
Female,1,48351,665,0.42851524911705363,78968,0
Male,1,99624,730,0.5491932332920174,70430,1
Female,1,83330,640,0.2997593922934674,260072,0
Male,1,45282,631,0.26339735292888866,11515,0
Male,1,114866,663,0.10540554181759818,107206,1
Female,1,137945,806,0.5132755370957321,255282,1
Female,0,51778,607,0.5004903502016824,245702,0
Female,1,54264,703,0.1522272590500757,417821,0
Female,0,89675,665,0.3884286905663501,328384,0
Female,1,35075,815,0.3319908490834437,15586,0
Male,0,105948,752,0.15935454775455574,392563,1
Male,1,78454,590,0.5902841135303618,394518,0
Female,0,58365,654,0.20734794373167773,255277,0
Female,1,102766,742,0.13361709004528058,41186,1
Female,1,78200,827,0.39742368975095477,36928,0
Male,1,41002,786,0.46943333856651637,239336,0
Male,1,43947,770,0.11622172302359349,224159,0
Female,1,109222,617,0.42935881936351106,395134,0
Male,1,124840,746,0.36614593797572725,359173,1
Female,0,146219,805,0.1516325044375242,30711,1
Female,1,108610,688,0.18626193847318104,64962,1
Male,1,82142,698,0.3839871486580403,30039,1
Female,0,86307,648,0.2481788067566442,46561,0
Female,0,34493,625,0.5691578643256581,216555,0
Male,1,80085,831,0.5093701147420254,484611,0
Female,1,64228,658,0.5917836032568315,229730,0
Female,1,109676,737,0.229835419475207,11577,1
Female,0,81875,748,0.5848618163989885,117792,0
Male,0,61655,703,0.3156169348957789,431566,0
Female,1,73472,589,0.2737593976568773,257980,0
Male,0,79437,682,0.12517476348467663,248540,1
Male,0,79416,681,0.12638262892980132,437014,1
Female,1,89711,828,0.4460056279733273,238506,0
Male,0,36816,633,0.32896449721701393,222489,0
Male,1,107175,791,0.21326081301805286,20785,1
Female,1,94307,665,0.4069851531626163,82227,1
Female,1,142728,658,0.2264290591250556,390824,1
Female,1,76733,770,0.38881587717221133,334101,0
Female,1,125028,590,0.27960437349134515,75431,1
Male,0,146450,696,0.5117761133059096,420513,1
Male,1,41240,661,0.5103480803833896,344038,0
Male,1,128234,652,0.3386751990612007,257941,1
Female,1,122493,595,0.2754095546675078,204844,1
Female,0,128344,820,0.28127989827954725,160653,1
Female,1,101363,744,0.5028572628341089,327336,0
Female,1,62762,829,0.26408974139880603,273606,0
Male,1,38259,832,0.20452968685342302,400992,0
Male,1,80139,589,0.14234417093765342,205245,1
Male,0,44849,738,0.33334656044220423,418727,0
Female,0,111768,713,0.3410660494599209,348250,1
Male,1,136108,573,0.5204543552014536,320809,1
Female,0,119709,573,0.210619348223032,185486,1
Male,0,84869,553,0.2904956368342,353154,0
Male,0,93095,839,0.5042028694468454,82573,1
Male,1,147886,730,0.5118118053744868,234737,1
Female,1,100910,797,0.2923055379893841,379947,0
Female,1,116710,665,0.3295620116433404,129682,1
Male,0,53567,828,0.2516429454246415,23386,0
Male,1,65292,618,0.566277439209656,396213,0
Female,1,104813,803,0.15932188287079016,64460,1
Male,1,127136,730,0.566874711500735,409437,1
Female,0,81631,718,0.4419332259176716,426690,0
Female,1,39885,798,0.3657860763433656,125375,0
Male,0,89659,737,0.11632953039224794,384804,1
Male,0,84306,603,0.3377980959110042,162117,0
Female,1,96314,687,0.3038740525013661,363463,0
Male,0,95087,717,0.18060940598756128,126582,1
Male,1,59165,652,0.4282048017503285,408138,0
Female,0,88929,634,0.5855754536841429,253015,0
Female,1,97028,761,0.3810944055322626,163778,0
Female,0,125998,552,0.45737663822197294,314915,0
Female,0,79812,728,0.1342252262830084,62335,0
Male,0,80500,587,0.30883349790849735,239087,0
Male,0,109151,788,0.15817924258224794,62949,1
Female,1,88643,718,0.4063979177682552,473930,0
Female,0,74900,579,0.5692410791070773,105558,0
Male,0,72946,739,0.43088886623581923,418456,0
Female,1,37851,574,0.13840152415721077,494972,0
Male,1,46288,661,0.2773331024925414,374416,0
Male,0,102692,755,0.37533168972042574,274860,1
Male,0,97580,734,0.30160387806662614,157646,1
Male,0,37368,596,0.5168220052375861,252887,0
Male,1,115436,777,0.5073355023549946,486471,1
Male,0,126136,588,0.40591551005161075,476933,0
Male,1,76403,565,0.28672897256635266,447282,0
Female,0,121170,571,0.22766818688162208,202898,1
Female,1,39168,762,0.15293715910656466,161285,0
Female,0,116497,698,0.277448841743277,81916,1
Female,0,79879,790,0.3065862586038598,207223,0
Male,1,89871,821,0.43791146255203683,269590,0
Male,0,139632,608,0.4290799121487867,258090,1
Female,1,141623,836,0.13505406982062848,60906,1
Male,0,119388,751,0.2976296577155789,272607,1
Female,0,128646,581,0.19088943360868096,435189,0
Male,1,62174,711,0.17840635265840285,84694,0
Female,0,129751,804,0.5136510748686229,423867,1
Male,0,122491,803,0.12095760835812877,340838,1
Female,1,36581,558,0.3095914379510607,292152,0
Female,1,140155,688,0.1841018278832591,80474,1
Female,0,101853,559,0.539665107839237,48185,0
Male,0,94046,763,0.37852025663751754,360068,0
Female,0,79678,822,0.21569031818842402,272048,1
Female,0,138392,597,0.3512136435831882,477633,0
Female,1,141250,660,0.4657431798515579,266574,1
Female,0,56649,702,0.5790590044597169,212211,0
Female,1,118668,672,0.21022300212270947,307124,1
Male,1,112325,651,0.5430908860646726,32504,1
Female,1,44567,790,0.5671520570837452,64970,0
Female,1,110404,740,0.5582102722660331,288910,0
Female,1,119906,766,0.41770717843095495,126944,0
Male,1,138069,600,0.4149103272173539,366066,1
Male,0,126019,841,0.30160531659191137,414911,1
Female,1,91944,630,0.476198941151894,421012,0
Female,1,148428,637,0.365647009175466,183615,1
Male,1,108002,743,0.43871903561414727,417775,0
Female,1,58803,653,0.3142289519243977,174211,0
Male,1,48230,820,0.46574823202156956,130494,0
Male,1,47862,645,0.5122357588022746,244941,0
Male,0,73355,747,0.17321812830140806,18802,1
Male,0,61259,550,0.516464857787114,477059,0
Female,0,129075,716,0.3701482658951536,181277,1
Male,1,117445,675,0.5223329545451122,306303,1
Female,1,60795,630,0.31565085317050734,21516,1
Female,0,144604,800,0.28952024269151755,322636,1
Female,1,38770,718,0.5575303662586112,301230,0
Female,1,41093,622,0.22558463377420065,123758,0
Male,1,76571,690,0.5221061626430715,40480,0
Female,1,30193,619,0.3420102862547021,193163,0
Female,1,130311,811,0.3570477212756299,138023,1
Male,1,47569,794,0.25423414074474204,382339,0
Female,1,147082,552,0.3865211003095078,188838,1
Female,1,41190,612,0.2626055981381057,310881,0
Female,0,92824,598,0.11963470712082616,281409,0
Female,0,72752,625,0.23599930267217803,124165,0
Female,0,62327,724,0.10318952170329534,129501,1
Male,0,72070,658,0.5891773935284284,259329,0
Female,0,115925,732,0.5828736049098737,343134,0
Female,1,70197,741,0.29757764873615256,494933,0
Male,1,32261,614,0.46418542716982303,287530,0
Male,1,148424,820,0.27290304920521247,376862,1
Male,0,123905,649,0.43554657854298806,309569,1
Female,0,56512,581,0.5027150215229895,131635,0
Female,1,36716,677,0.5733781223461204,184326,0
Male,0,116795,592,0.300106137924836,230935,1
Female,1,58933,627,0.4916489914780239,63634,0
Male,0,137225,838,0.2329642253160594,489933,1
Female,1,34378,819,0.5951661518968242,188734,0
Female,1,70583,711,0.11288479938217558,359132,0
Female,1,142082,738,0.4017644032505605,244856,1
Male,1,115371,796,0.42975299082566354,378481,1
Male,1,59033,765,0.4440227785370644,228599,0
Male,1,54000,717,0.1601937893945445,247919,0
Male,0,141032,742,0.5692648917365652,478668,1
Female,1,105868,832,0.1905916395250414,413359,1
Female,1,72604,562,0.41137670161992057,494607,0
Female,0,98336,789,0.21133803956154248,418797,0
Female,0,125074,696,0.2536082085106355,77443,1
Female,1,125655,753,0.3732292708640622,301568,1
Female,1,103869,629,0.3085967092822882,360988,0
Female,1,35410,592,0.18011280048825315,314128,0
Female,1,113375,638,0.18546820121042415,51505,1
Male,0,86044,697,0.30907239408139986,112478,1
Male,1,93315,644,0.4786414891377504,72699,1
Male,1,126055,700,0.5489823234238943,430173,1
Female,0,101344,551,0.14206383112969143,428680,1
Female,1,36796,571,0.29655195377970056,386156,0
Male,1,116716,556,0.15012278186143832,164721,1
Female,1,84245,755,0.10829624031629895,445281,0
Female,0,73056,663,0.43085934132197834,495877,0
Male,1,47709,821,0.40122472098329387,306902,0
Male,0,149664,632,0.1815095569074431,146668,1
Female,1,88557,728,0.21690641654653206,288518,0
Female,1,47543,759,0.1118538768222592,128686,0
Female,0,67418,673,0.5174736028472019,275919,0
Female,0,124611,662,0.5873452980242757,299532,0
Female,0,133291,561,0.1677297683973454,395944,1
Female,0,143504,675,0.21573760688264906,293173,1
Female,0,133001,602,0.534204761973467,93981,1
Female,1,126038,832,0.5632318989780924,325783,0
Male,1,46724,689,0.3098136914034052,124010,0
Male,0,33828,646,0.12531123613453707,417861,0
Male,1,146656,554,0.1196959168464097,41105,1
Female,0,47087,606,0.38697493303450525,416884,0
Female,0,42605,618,0.29644755444658955,269021,0
Female,1,61337,667,0.11432621378882726,157032,0
Male,1,35482,608,0.39162619615627836,136519,0
Male,0,95333,582,0.10565126829451124,152429,1
Male,1,122541,599,0.4936859790746365,467820,0
Male,0,118296,568,0.2532164113516858,374883,1
Female,1,80952,763,0.12012900150461606,323940,1
Male,0,35463,746,0.39417611049157664,287948,0
Male,1,142164,596,0.2988422072165273,137732,1
Female,0,100448,716,0.5869002066785748,155698,0
Male,1,34648,838,0.37209933125185113,169204,0
Female,1,63623,690,0.23761959051850415,280095,0
Female,1,89156,633,0.4547194323169874,409665,0
Male,0,65634,731,0.23574600127135567,291209,0
Female,0,74602,628,0.5521216457037825,373647,0
Female,1,144598,764,0.28736098525368825,115072,1
Female,1,79334,563,0.3749342813881026,150202,0
Male,1,98648,764,0.12528655191211444,99360,1
Female,0,52054,677,0.31306061897611537,72287,0
Male,0,100028,797,0.5161817698304975,248009,1
Male,1,52207,578,0.502824402681671,192774,0
Male,1,110650,829,0.21215927942676313,178065,1
Female,1,129821,751,0.21303953550528135,172947,1
Male,1,111554,606,0.5086526561066184,256356,0
Male,1,51386,767,0.5651992100846628,147126,0
Female,0,113276,611,0.14768046063650178,240881,1
Male,1,89518,706,0.32502931971311266,117357,1
Male,0,82781,751,0.26872713948211446,451733,0
Male,1,82780,566,0.5353442277287197,217440,0
Male,1,91440,555,0.1417624573400094,39670,1
Male,0,74199,607,0.2055629712790187,321256,0
Male,0,91035,718,0.4762341687932472,360532,0
Female,0,38210,631,0.1256469244906078,361300,0
Male,1,74363,768,0.34626769035714466,169379,1
Male,1,141175,726,0.32105351733986,254159,1
Female,0,108279,753,0.2672005894943743,208159,1
Male,1,90348,620,0.29728615765946187,320066,0
Female,1,85284,815,0.36497029346511645,204152,1
Male,1,137628,647,0.18068367919419157,365492,1
Male,1,139835,840,0.38599793914179636,89335,1
Male,0,102124,757,0.5027161646499931,298456,1
Male,1,98847,551,0.4800804648950795,76985,1
Male,1,52432,673,0.17694995234688685,140744,0
Male,1,94089,829,0.17462473487073696,261713,1
Male,1,85398,623,0.23408718387245667,460824,0
Male,1,129291,715,0.2805373631705186,493178,1
Male,1,33321,571,0.30422779070424133,373107,0
Male,1,111348,703,0.4398486084166726,181349,1
Male,0,67383,844,0.1283402160829177,41551,1
Female,1,143816,768,0.1173363521130332,99813,1
Female,1,108682,706,0.2959552814719545,459813,1
Male,0,109190,779,0.4485818460689902,373169,1
Female,0,82893,569,0.1967176714782413,396486,0
Female,1,65820,590,0.4207522406281259,186284,0
Male,1,96262,697,0.22991406897014974,19637,1
Female,1,33760,657,0.5430430544067582,315402,0
Female,0,52190,633,0.5478449721333083,438909,0
Male,0,97411,839,0.24864360214066325,413040,1
Male,0,53377,683,0.21499687698162026,139553,0
Female,1,76737,756,0.3056519860331156,36950,1
Female,0,99569,832,0.22026579259007437,426704,1
Male,1,68211,815,0.43619192164585185,137870,0
Male,1,112909,622,0.5130323422741427,10215,1
Male,1,33744,597,0.4365460654556085,377747,0
Male,0,54995,782,0.5121752236246747,283667,0
Female,1,46977,649,0.29849608110373704,479116,0
Male,0,127938,608,0.17815848535443043,340833,1
Male,1,64542,807,0.4689754736987961,33834,0
Female,1,40651,614,0.2802372525707769,306618,0
Male,1,129239,632,0.4356354126145663,53066,1
Male,1,108931,703,0.23532197099088284,282544,1
Female,0,125344,815,0.14061481740333634,397355,1
Female,1,132112,628,0.5962908977438817,20345,1
Female,0,46715,699,0.17810075396529965,43896,0
Female,0,74409,597,0.5942104969817406,488646,0
Male,0,54306,797,0.5886399662832237,301043,0
Male,1,49086,827,0.4969090519540198,300373,0
Female,1,44376,647,0.42971148104099877,277727,0
Male,1,91350,574,0.3889035251255424,408113,0
Male,0,101425,833,0.5330507726889173,81537,1
Male,0,133358,617,0.24471976080974397,250489,1
Male,1,66636,556,0.3338406062424385,407783,0
Male,0,116120,686,0.40969498468325094,84807,1
Male,1,144889,713,0.3055952379347455,139648,1
Male,0,81649,632,0.313743227045134,384796,0
Male,1,64610,687,0.26514233375104224,480455,0
Female,0,40058,622,0.38211590834226805,154401,0
Female,1,104637,786,0.525287264007558,242117,0
Female,0,108033,595,0.20076418900315643,258780,0
Female,0,100194,655,0.5672165193767207,343936,0
Male,0,106917,837,0.44454382687411487,403444,1
Male,1,94200,811,0.5116366063400151,493498,0
Female,1,135848,725,0.37809534631500585,223286,1
Female,1,136022,715,0.4897583507120318,47052,1
Female,1,76619,694,0.10810019866973361,460985,0
Male,1,47154,832,0.5091902123897676,56032,0
Male,0,49539,603,0.12006942954268326,491937,0
Male,1,90058,727,0.5449566881814313,305830,0
Male,1,92068,793,0.5959813736193217,349125,0
Female,1,107313,676,0.2470337310883889,108802,1
Female,1,129932,820,0.20515927814289683,466477,1
Male,0,60373,681,0.4826816819290204,406025,0
Female,1,63154,642,0.22651317046012662,244337,0
Female,0,36031,622,0.5327811915861017,182857,0
Male,1,123533,797,0.15142129607873836,439763,1
Male,0,101975,822,0.16297759818967913,314962,1
Male,0,52785,592,0.5895757775503078,372566,0
Male,1,108928,590,0.43691944913500236,344071,0
Male,0,148696,719,0.5234436122144764,206753,1
Male,1,58669,761,0.26216468867575904,351609,0
Male,0,124475,717,0.4382418747603022,230934,1
Male,1,147154,588,0.3971209136542986,236599,1
Female,0,32282,794,0.4015750600614735,123221,0
Male,0,64624,700,0.44126622976886076,309477,0
Female,0,78438,660,0.38767958656454926,136457,0
Male,0,119900,596,0.314531184651333,288720,1
Female,1,97534,612,0.23796134719027343,129875,0
Male,1,61705,774,0.48429066545660104,311549,0
Male,1,68244,618,0.2131362150015931,366144,0
Female,1,104964,848,0.44617715307720707,476995,0
Female,0,67437,839,0.21666641132466333,41601,1
Female,1,107872,845,0.412665084977227,340090,1
Male,0,104878,752,0.4735391335645145,470572,0
Male,0,149006,610,0.2093569444532696,324260,1
Female,0,135368,710,0.12997165043065415,114186,1
Female,1,102982,565,0.16548687149708705,335038,0
Female,0,80583,643,0.4029984836355127,175707,0
Female,0,68392,687,0.5247232031128678,279609,0
Male,1,37461,587,0.12249841061771219,66754,0
Female,0,130123,676,0.46707562952082315,239047,1
Male,0,40516,824,0.27065932297502604,102850,0
Male,1,109285,713,0.3392641849597613,381909,0
Male,1,47514,626,0.5644297749227828,226191,0
Female,1,130962,723,0.26598575236792277,364835,1
Male,1,66268,640,0.33266846696974306,48871,0
Male,1,120486,787,0.10684120738034056,203946,1
Female,1,130424,813,0.1407993600024192,480949,1
Male,1,66788,728,0.22929579556739202,301655,0
Female,1,105749,758,0.11392612041053721,353104,1
Male,0,91049,622,0.4156876630241255,452037,0
Male,1,92493,656,0.31319917840081124,337920,0
Female,0,66027,844,0.374072601364011,259200,0
Male,1,123547,833,0.18732359294816478,211239,1
Male,1,72849,731,0.24796601471830806,478351,0
Male,1,130127,586,0.43191223742636253,316606,1
Male,1,47858,686,0.5826513618151999,464598,0
Female,1,114162,605,0.1252083868011046,493410,0
Male,0,109003,736,0.5451921604276331,244453,1
Female,1,82395,807,0.38844060065560426,42574,1
Male,0,69758,607,0.3819597833778119,112072,0
Female,0,84312,672,0.35013926760388014,445126,0
Female,1,98670,737,0.1346970429520917,214603,1
Female,1,146758,779,0.14493842586808034,166258,1
Male,0,112279,717,0.4004560028295431,497997,1
Male,1,45434,663,0.2704792857177791,163885,0
Male,1,94047,801,0.5586340332888403,219884,1
Female,0,77775,656,0.3032952686797361,226597,0
Female,1,105769,586,0.17164072935132055,350426,0
Female,0,144682,641,0.457359416751018,119779,1
Male,0,96677,567,0.24667671072050493,28557,1
Female,1,113555,612,0.3627351536779466,169132,1
Female,1,115920,699,0.448916392752585,462082,0
Male,1,138439,688,0.5501320556010352,344248,1
Male,1,75734,735,0.4960955974008381,241977,0
Female,1,131665,734,0.438180533936362,487793,1
Female,0,118503,754,0.43981659119757177,147152,1
Female,1,70603,809,0.5729623220160432,154926,0
Male,1,106708,763,0.24791204874826803,394157,1
Female,0,111926,805,0.10055604709809371,208767,1
Male,0,98803,684,0.23597727969909935,168097,1
Male,0,69332,610,0.208945689813372,194054,0
Male,1,121703,637,0.43091729255699907,51081,1
Female,0,51312,756,0.41685579988276455,407584,0
Female,1,123376,678,0.39673069135236194,240693,1
Female,1,114526,552,0.10812172160472686,391325,0
Male,1,74179,791,0.4643890272253237,299238,0
Female,0,101442,670,0.2617652062427458,449256,0
Male,1,144332,651,0.4325279945033156,338910,1
Female,1,147961,587,0.37828921425107664,355197,1
Male,1,70379,682,0.27136546271395356,165063,0
Male,1,47297,751,0.16728813355205388,273445,0
Male,0,32011,570,0.14720944883024048,169682,0
Male,0,146130,791,0.5157591665561118,91463,1
Female,0,74014,658,0.559198771040779,175750,0
Female,1,142094,633,0.42489402338214977,296610,1
Male,1,41738,632,0.1517170574302417,483656,0
Female,1,124333,840,0.3010136084441204,444091,1
Male,1,77498,618,0.46446960005257865,36081,0
Female,1,41120,678,0.4899104420050341,34354,0
Female,0,146517,745,0.1591093111455443,103297,1
Female,1,38767,689,0.10001535942269121,290444,0
Male,1,52852,832,0.45606852294030253,74384,0
Female,1,109239,783,0.27829808799310285,367171,1
Female,1,30929,572,0.22724066580913013,131684,0
Male,1,107487,702,0.10644873489476273,333036,1
Male,0,148387,826,0.3701497033807498,45525,1
Female,0,121575,610,0.5255753677129908,429748,0
Female,0,144149,601,0.578815823136294,16464,1
Female,1,125040,702,0.3828724753066446,26562,1
Female,1,47438,786,0.35723066386994706,379536,0
Female,1,78515,581,0.14252819274462056,65514,0
Male,1,35744,604,0.3744364007712999,385572,0
Male,0,113820,585,0.28998953948269734,122564,1
Male,1,72417,659,0.4035676404417885,380191,0
Female,1,135284,726,0.2943631739382734,477435,1
Male,1,37069,844,0.22014956172518338,42634,0
Female,1,72359,646,0.14748263761418826,272204,0
Female,0,49799,762,0.25745922229444784,281413,0
Female,1,128746,686,0.14832241714387615,204215,1
Male,1,123762,555,0.18844847541199197,33065,1
Female,1,100188,658,0.5936680792897729,275039,0
Male,1,119859,584,0.32205177845330935,353003,1
Female,0,137674,588,0.36593588325250825,153424,1
Male,0,37597,699,0.5368092643686077,452953,0
Male,0,77093,667,0.5977844502453439,114127,0
Female,0,67226,810,0.3913572246723408,106426,0
Male,1,102127,636,0.5062369105220859,435232,0
Male,0,144650,625,0.2634705121683376,202376,1
Female,1,121369,763,0.25287197872364553,21962,1
Female,1,107362,834,0.30135186049728013,43302,1
Female,0,56417,788,0.4362536313368246,357526,0
Female,1,48693,714,0.44109584462754936,14011,0
Female,0,109674,636,0.25761971732472544,401860,0
Male,1,145598,690,0.16660496206831435,29782,1
Male,0,149028,709,0.41619812823275426,208763,1
Male,0,83161,595,0.16416293109438226,130654,1
Female,0,32169,661,0.38924625411466507,442941,0
Female,0,114092,594,0.4467110640281545,19196,1
Male,0,52052,796,0.4503057481972258,53459,0
Male,1,101849,653,0.47673605532979835,97245,1
Female,1,103851,634,0.5364297107828323,88863,0
Male,1,38036,683,0.3499794959823942,395350,0
Female,0,61778,657,0.4651245947647856,260463,0
Female,1,57734,567,0.40958636768291834,373154,0
Female,0,53173,643,0.1933199698988413,42769,0
Male,1,60403,699,0.11284482243470409,379673,0
Female,1,96321,795,0.2422706928384669,266433,1
Female,0,101675,838,0.32151685316880974,34700,1
Female,1,36344,758,0.4085529722143282,256864,0
Female,1,48800,675,0.5249796652516027,221428,0
Female,1,55372,784,0.19812285835308283,479643,0
Female,0,91516,671,0.16277489494923855,241237,0
Male,0,50538,687,0.5817399737371638,277413,0
Female,1,93918,664,0.15402227968820356,393775,0
Female,1,44973,711,0.33924553505359456,316024,0
Male,1,101155,750,0.39278186439665097,124003,1
Female,0,130240,783,0.3706872104537191,149392,1
Female,0,89500,577,0.1430160785164716,59589,0
Female,1,66575,560,0.1285134570018097,260606,0
Male,1,135455,755,0.15274171373051784,217348,1
Male,1,72261,716,0.3927938419363063,45897,0
Female,0,140659,796,0.3721724438171605,199637,1
Female,0,57716,596,0.21687039601837213,172002,0
Male,1,33236,795,0.41888707092279576,198305,0
Female,1,45848,676,0.5100337510278247,223893,0
Female,1,32352,696,0.12078947992329689,286524,0
Female,0,31932,667,0.3490649717740212,217968,0
Female,1,106449,701,0.4446552060513451,80934,1
Male,0,38556,621,0.22615596353484355,65830,0
Male,0,116836,686,0.2538854526465746,277673,1
Male,1,35498,724,0.40681895149469194,262364,0
Female,1,106118,838,0.5489676467218685,366742,0
Male,1,80098,568,0.5049622101514497,243294,0
Male,0,94386,744,0.39156510954979173,92987,1
Male,0,142169,724,0.4651108588786246,59178,1
Female,0,39569,690,0.2824112351038993,148009,0
Female,1,146127,795,0.4204827640493789,394096,1
Male,1,86882,642,0.3330907955637785,49886,1
Male,0,100393,788,0.19496806822878046,59699,1
Female,0,30340,754,0.4508691369386286,86396,0
Male,1,73949,597,0.378232318674411,100678,0
Male,0,112302,794,0.2793107909767957,35279,1
Male,0,92443,844,0.5556695950393153,441322,0
Male,1,121668,677,0.11046705891336664,120776,1
Male,0,104027,831,0.25788657562474804,111444,1
Male,0,30138,566,0.12844069888882328,378444,0
Male,0,30358,620,0.4832636581108136,123793,0
Female,1,149619,818,0.4510537270568963,388422,1
Male,1,105250,831,0.26567610936815855,220809,1
Female,0,115376,556,0.4378314511035365,181616,0
Female,1,129931,652,0.29796861309797495,375391,1
Male,1,60654,742,0.47812689571121714,252262,0
Female,1,55879,790,0.32709183136835307,18997,0
Male,1,111532,611,0.3061398639158328,116102,1
Female,0,85778,566,0.5673649577441505,357855,0
Male,0,67772,720,0.22543954994535012,388189,0
Male,1,88478,574,0.16022366999828272,50860,1
Male,1,94353,800,0.3922715566297291,275369,1
Female,1,56762,802,0.5846609061420894,120114,0
Female,0,43283,756,0.2889196068635933,462686,0
Female,0,93922,578,0.13101838181439077,123218,0
Male,1,69420,666,0.26965263365478376,372908,0
Female,0,85568,831,0.3529658271597792,117041,1
Male,0,115090,693,0.18096150331610686,384368,1
Female,0,50219,574,0.42905110902824606,335800,0
Male,0,87169,705,0.5988746945051003,455096,0
Male,1,130455,622,0.32586973799072194,202150,1
Male,0,104965,669,0.27736427836510635,491862,1
Male,1,76840,642,0.3003520834172333,86290,0
Female,0,74695,635,0.15757308919760057,66633,0
Male,0,135209,667,0.5416368007131119,298799,1
Female,0,114754,782,0.307412827760676,131118,1
Male,0,107988,748,0.2936372057124207,184673,1
Female,1,88342,755,0.42984513646523714,13114,0
Male,1,144516,696,0.3210167104655618,298646,1
Male,0,48951,820,0.42411673440392306,59768,1
Female,0,31307,688,0.13072314506539376,320272,0
Male,1,110388,730,0.5068616718611137,423244,0
Male,1,120768,579,0.5702519764397013,458781,0
Female,1,65428,606,0.424382693079693,93123,0
Female,0,138707,781,0.5772829644294054,118255,1
Male,0,122021,695,0.17571615718498165,176405,1
Male,1,148418,597,0.3387080947401768,13174,1
Female,1,105774,743,0.40090336697272366,127769,1
Male,0,68975,773,0.3908683237105933,307542,0
Male,0,147850,685,0.30073088954452165,439145,1
Male,1,31140,571,0.26904220468313067,145393,0
Female,1,54842,555,0.1634120112752094,395693,0
Female,1,56421,753,0.29587122528113907,237043,0
Male,1,31708,788,0.18133040755274257,252580,0
Male,1,33630,734,0.4671828382461092,196493,0
Male,0,49595,841,0.204415467747295,82635,1
Female,0,106021,769,0.12928265264226693,295904,1
Male,0,58308,665,0.3761830689086172,414576,0
Male,0,74789,598,0.3976148663597008,151385,0
Female,1,85690,722,0.5359565306402527,402818,0
Male,1,56086,631,0.3884908062088409,252878,0
Female,1,46859,594,0.27274042686172284,227070,0
Male,1,37684,569,0.5015059407631602,409017,0
Male,0,121088,770,0.37013944659371056,286274,1
Male,0,31207,672,0.13964014231559588,417487,0
Female,1,76099,783,0.3829252801566233,419291,0
Female,1,97496,770,0.5540092727108312,379359,0
Female,0,96093,552,0.29815631274911025,160056,0
Male,1,59689,731,0.24816290094990004,360239,0
Female,1,78651,755,0.17173472850901003,333086,0
Male,0,43893,589,0.17572276096767867,153933,0
Male,0,127808,608,0.3163857421709094,108970,1
Female,1,96418,611,0.39783991208076475,92203,0
Male,1,133065,681,0.14030770258480088,474592,1
Male,0,90011,609,0.5697842945125828,202319,0
Male,1,68635,671,0.47756680872259794,210173,0
Male,1,86115,656,0.39331195914183137,162049,0
Male,0,125071,645,0.5142193354694954,453833,0
Female,1,108405,784,0.14009337840605665,460689,1
Male,0,102702,611,0.3384194388665622,227726,1
Female,1,108518,805,0.4150465634308317,360321,1
Female,0,136233,598,0.5143264530591446,82902,1
Male,1,133651,708,0.4917347800246339,102172,1
Male,1,102805,673,0.23853462485669982,156702,1
Male,1,88954,756,0.5704400847796022,30056,1
Female,1,58064,597,0.16217292071543518,148454,0
Male,0,109063,685,0.5375668093105761,65739,1
Female,0,32454,750,0.5854701248023093,353829,0
Male,1,50878,799,0.1885767616113128,58639,0
Female,1,81098,844,0.4610330321018926,463054,0
Male,0,92154,758,0.12014275938899924,449257,0
Male,0,42991,760,0.30271141256957745,273136,0
Female,1,98344,741,0.358141649598837,82394,1
Female,1,134946,593,0.39032261295481707,339801,1
Male,1,66593,578,0.5679686241242797,299304,0
Female,0,66304,608,0.4361253436470973,317300,0
Male,1,60386,620,0.34063897560961853,192447,0
Female,0,85220,641,0.5048375181329446,358586,0
Female,1,143613,814,0.5752664104772045,160644,1
Male,0,99338,769,0.11103307434114543,390069,1
Male,1,124289,764,0.5912606361280194,14136,1
Male,1,51083,826,0.14306606953184017,71868,1
Female,1,48354,613,0.5071933896343807,354407,0
Female,0,52190,841,0.24016737627570625,304311,0
Male,1,36142,794,0.16608982887693588,120957,0
Male,1,58398,611,0.31992781985691743,25479,0
Female,1,81971,719,0.4219782897238068,129392,0
Female,1,71862,818,0.2904759225117375,172448,0
Female,0,128668,816,0.12728270414134948,145895,1
Male,0,83410,603,0.3997305698293583,266228,0
Male,0,49503,565,0.5512016380553374,211528,0
Male,1,78456,557,0.2916076829736258,291729,0
Female,0,130167,653,0.20816638881541352,244847,1
Male,1,112035,608,0.32128867296640773,420488,1
Female,1,135388,589,0.12418135552439044,298763,1
Male,1,38016,786,0.5102437922401374,347213,0
Female,1,32384,643,0.5131704054750934,312039,0
Female,0,92320,771,0.39400023171481424,275864,1
Female,0,45072,753,0.2765514444691948,291411,0
Male,0,132239,687,0.4998916822228917,156768,1
Male,1,141431,849,0.3773435123941836,171040,1
Male,1,110018,756,0.5129661542750081,325508,1
Female,1,70510,630,0.4157293962915103,426561,0
Female,1,78933,767,0.4922027366063987,61567,0
Female,1,51826,551,0.39928149660888,101229,0
Female,1,98026,727,0.30707053410783314,464823,0
Female,1,141628,828,0.5789729299630688,422601,1
Male,1,55518,695,0.37055691243942235,486874,0
Female,0,54045,773,0.4025447592702692,470116,0
Male,0,80876,611,0.21024381970737463,209316,0
Male,0,122446,843,0.4128253947136382,206497,1
Female,0,120102,788,0.3858038247414719,350662,0
Male,1,81919,744,0.19241919897351248,92844,1
Male,0,129441,715,0.12979354867657186,173991,1
Female,0,57103,771,0.4021796598573856,100697,0
Male,1,148805,610,0.48184613467516024,67196,1
Female,1,66188,678,0.3617006854610041,125600,0
Male,0,35845,722,0.21338631265982286,110625,0
Male,1,116698,705,0.4332609883465175,482617,1
Male,1,66674,659,0.14005286330480113,403711,0
Male,1,148325,818,0.32091685240097734,316899,1
Female,1,49337,827,0.1816833791992101,470900,0
Male,1,52313,623,0.19222952552994169,43324,0
Female,1,56943,756,0.20114697457910183,351073,0
Male,1,107949,828,0.2933535285219889,404768,1
Female,1,30276,753,0.12557510281019882,61272,0
Female,0,81151,710,0.29889672046454907,439069,0
Female,1,47611,577,0.35585372355735045,259264,0
Male,1,134641,806,0.34164714248316264,173996,1
Male,1,41944,714,0.29139205020152026,346606,0
Male,0,82887,612,0.5195733040353763,237459,0
Female,1,111442,571,0.17266334621025206,164961,1
Male,1,79847,619,0.35284837189068696,246538,0
Male,0,88653,645,0.13102070847827715,64675,1
Female,0,116072,712,0.13557783943895488,83591,1
Male,1,86622,628,0.38693292483854813,473406,0
Female,0,57810,554,0.3830092124439105,163706,0
Male,1,107842,669,0.5390167564222285,304507,0
Male,1,40503,727,0.3789368378300366,204824,0
Female,1,114761,725,0.5798955102024251,349148,0
Male,1,66976,766,0.12434742419996489,459614,0
Female,0,41590,605,0.14900384239037054,239530,0
Male,1,40886,736,0.1220329307851907,312862,0
Male,1,42866,781,0.19263842516677002,123627,0
Female,0,96624,804,0.3706350554708391,223988,1
Female,0,98899,653,0.422786090713714,299014,0
Female,1,62792,626,0.1227925789743344,47394,0
Male,0,39764,779,0.5729854449227997,324201,0
Female,1,116156,807,0.5210826883251906,89795,1
Male,0,72727,813,0.24830624107854657,352553,0
Male,0,108471,731,0.13859376511323399,285160,1
Female,0,38068,805,0.18494353660952864,52137,0
Male,1,146923,587,0.16347220687748634,403369,1
Female,1,37295,725,0.16164188964947343,148925,0
Male,1,71160,576,0.359280844332867,22379,1
