school_type,gpa,sat_score,extracurricular_score,caste_category,gender,admitted
Public,3.3963234280394903,1249,49,Reserved,Male,1
Private,3.072192732688241,1253,5,Reserved,Female,1
Public,2.6190552325726557,1428,82,General,Female,0
Public,3.6275900394138976,1020,59,General,Male,0
Public,3.3694623451077588,953,43,General,Male,0
Private,2.3252338786897826,1464,10,General,Female,0
Public,3.821854368987685,811,65,Reserved,Male,0
Public,3.645074485846338,932,46,General,Female,0
Public,3.899599826583848,1103,72,Reserved,Male,1
Private,3.45143901677672,1092,84,General,Female,0
Public,3.2268303918715797,1099,87,General,Male,0
Public,2.8364860725812377,1539,97,Reserved,Female,0
Public,3.8654569667080265,1582,85,General,Female,1
Public,3.732127779000817,842,2,General,Male,0
Private,2.090437340212379,1142,75,General,Female,0
Public,2.0527339489945042,1125,91,General,Male,0
Private,2.752926733756099,1297,29,General,Female,0
Private,3.621106661563666,1163,89,General,Female,1
Private,3.974552258629889,1226,20,General,Female,1
Public,2.3008337822070564,820,27,Reserved,Male,0
Private,3.1882614307042703,1206,89,General,Female,1
Public,2.7617817132620432,1418,61,General,Male,0
Private,3.9398287956292064,1135,32,General,Female,1
Private,3.6842378462714174,916,84,Reserved,Male,0
Private,3.6766574094222757,923,34,General,Male,0
Private,2.9373863195899403,1198,51,General,Male,0
Private,2.8296390046753306,1592,33,General,Female,0
Private,2.5468141438614125,1514,40,General,Male,0
Private,2.1127509933018542,850,50,Reserved,Female,0
Private,3.7294447525101067,1582,46,Reserved,Male,1
Public,3.6258020182601554,1123,81,General,Male,1
Public,3.999435346572261,1588,57,General,Male,1
Private,3.9932736741478108,940,74,General,Male,0
Private,3.110863411205255,1269,56,Reserved,Female,1
Private,3.537974830361021,1586,22,Reserved,Male,1
Public,3.8895314597648563,1133,47,General,Male,1
Private,3.6992947813548227,1172,21,Reserved,Female,1
Public,2.494696203486395,1363,16,Reserved,Male,0
Public,2.9010882706201873,1293,68,General,Male,0
Public,2.25831883030299,1338,10,General,Male,0
Public,3.9081020545174447,1468,93,General,Male,1
Public,3.21234926890176,1550,14,Reserved,Female,1
Private,2.4572856110069257,955,90,Reserved,Female,0
Private,3.3434013688117137,1090,34,Reserved,Male,0
Private,3.2362564809157917,1447,32,Reserved,Female,1
Private,2.7163254360656808,943,83,General,Female,0
Private,2.227115184399258,905,15,Reserved,Male,0
Public,3.3431463911855994,1219,33,Reserved,Female,1
Private,3.0406154018075866,1469,65,General,Male,1
Private,3.5446367834712786,1457,98,General,Female,1
Public,3.0403270022239868,801,39,Reserved,Female,0
Private,3.7043630006370805,1388,27,General,Female,1
Public,3.1038136775489713,1443,46,Reserved,Male,1
Private,3.1218759430707728,889,38,General,Female,0
Public,3.7533072053166903,1144,69,General,Male,1
Private,2.806965732424794,1149,72,Reserved,Male,0
Private,2.2680304569012817,1258,19,General,Female,0
Public,2.057565352626678,1062,0,General,Male,0
Public,3.5102745113472382,1150,71,General,Female,1
Public,3.2406191027069293,907,86,Reserved,Male,0
Public,3.408159536198447,1385,62,General,Male,1
Public,2.4259283230178212,838,66,Reserved,Female,0
Public,2.2727429511735395,958,3,General,Female,0
Public,2.029089331335764,1382,57,Reserved,Female,0
Public,2.701175117613194,1111,24,Reserved,Female,0
Private,3.179835373709266,1040,46,General,Male,0
Private,2.7844880901994644,1244,37,General,Male,0
Public,2.874949844047458,1097,14,General,Male,0
Private,3.808317388987497,835,62,General,Female,0
Private,2.696510934046601,883,20,General,Male,0
Private,3.027978978319622,1251,98,General,Female,1
Private,3.567306025482286,1574,56,General,Male,1
Public,2.7930855646425403,1184,52,General,Female,0
Private,3.2441734004557468,971,45,General,Male,0
Public,3.72472741749349,1175,13,General,Male,1
Private,3.8990412473152842,1484,99,Reserved,Female,1
Private,2.294146961858076,1161,75,General,Male,0
Private,3.853175250322989,1358,16,General,Female,1
Public,2.9842325861590764,940,38,General,Male,0
Private,2.5164887765979165,917,8,Reserved,Male,0
Public,2.9182715124765224,1076,98,Reserved,Female,0
Private,3.960065150570954,1525,76,Reserved,Female,1
Public,2.9852361879857394,1019,78,Reserved,Male,0
Private,2.657503220575016,825,81,General,Male,0
Public,3.2668017086334515,1320,96,Reserved,Male,1
Public,2.4802912375563864,1582,5,Reserved,Male,0
Private,2.1517266562173276,809,90,General,Male,0
Public,2.2577594438212985,1177,22,Reserved,Male,0
Private,2.2560916779155447,1432,58,General,Female,0
Private,2.303805387024589,1436,90,General,Female,0
Private,2.2776543452988203,1481,97,General,Female,0
Private,3.281749489606429,1383,45,General,Male,1
Private,2.3637601687982897,951,37,Reserved,Male,0
Private,2.6913345666477264,1519,13,General,Male,0
Private,3.7935768198120234,848,99,General,Female,0
Private,2.9479232805257447,953,71,General,Female,0
Private,3.3351154770420544,1092,61,Reserved,Male,0
Private,2.3446397424032597,1379,34,General,Male,0
Private,2.3845780376173416,849,18,General,Female,0
Public,2.0817372325329577,1463,29,Reserved,Female,0
Public,2.3378701261443293,1330,77,Reserved,Female,0
Private,2.5571806780639172,1411,83,General,Male,0
Private,2.3540209685534936,859,24,Reserved,Male,0
Private,2.177405067514111,966,39,Reserved,Male,0
Private,2.2412717422012016,1001,87,Reserved,Female,0
Private,2.9215575360654515,945,13,General,Female,0
Private,2.412667436811585,1475,25,General,Male,0
Private,2.728539722096151,1238,86,General,Male,0
Private,3.006834541709714,1041,21,General,Female,0
Public,3.3807896572587306,1380,47,General,Male,1
Private,2.078624279682198,1486,82,General,Female,0
Public,3.5988207978180853,1360,50,General,Female,1
Private,3.2558007789818157,1282,2,General,Male,1
Private,2.163518063897744,907,41,General,Female,0
Public,3.7471572482135542,1025,18,Reserved,Male,0
Private,3.8417448010636264,1472,72,General,Female,1
Public,2.1221559197097273,1430,27,General,Female,0
Private,2.5537552962944075,1460,83,Reserved,Male,0
Private,3.6124025595861227,1461,44,General,Female,1
Public,3.4965193807673165,1231,70,Reserved,Male,1
Private,2.3690420387127546,1454,77,Reserved,Male,0
Public,2.4186986466734206,1218,62,General,Female,0
Private,2.740944205582764,1254,72,Reserved,Male,0
Public,2.9690459703820427,959,18,General,Male,0
Public,3.236509543060592,1322,46,General,Male,1
Private,2.7378272791395446,1449,13,General,Male,0
Private,2.925069432266296,1389,37,General,Male,0
Public,3.494941876267513,876,52,Reserved,Male,0
Private,2.073366405781196,1308,60,General,Female,0
Private,2.5048738886880413,1240,35,General,Male,0
Private,3.426699171769105,1053,39,General,Female,0
Public,3.7904136753743987,1569,80,General,Female,1
Public,3.023354884231332,1119,29,General,Male,1
Public,3.0642269705306315,1062,8,General,Female,0
Public,2.214344022679552,1396,63,Reserved,Female,0
Public,2.8948247336469093,1457,32,General,Male,0
Public,3.065234532910046,1353,51,General,Male,1
Public,2.4849410072694593,1173,88,General,Male,0
Public,2.5384864618987617,1436,13,General,Female,0
Public,2.7545683262092453,966,74,Reserved,Female,0
Private,2.0401423955554527,1552,52,General,Male,0
Public,2.6441583311663566,1258,98,General,Male,0
Private,2.422896013993089,1079,58,General,Female,0
Private,2.654994704355829,1499,77,Reserved,Female,0
Private,2.2395242636385024,1101,93,General,Female,0
Public,3.78105456147979,1330,40,General,Female,1
Public,3.1871849071080973,1379,67,Reserved,Male,1
Public,3.358204638288979,1017,67,General,Female,0
Public,3.578342477214677,901,91,Reserved,Female,0
Private,2.9968843978581146,1353,7,Reserved,Female,0
Public,2.1738405761748476,1087,1,General,Female,0
Public,3.074213083637096,966,85,General,Male,0
Public,3.173682236041758,1420,40,General,Male,1
Public,3.49087894836866,835,54,General,Female,0
Public,2.863319092459359,1543,15,Reserved,Female,0
Private,2.2551606055911275,1540,92,General,Male,0
Public,2.5675518115974487,1152,61,General,Male,0
Private,2.72616459279727,1475,47,Reserved,Female,0
Public,3.2918344826632024,872,29,General,Female,0
Private,3.1415566093378238,1447,11,General,Male,1
Public,2.7121934517956925,1152,34,General,Male,0
Public,3.9730304975859596,869,10,General,Male,0
Private,3.211549638713774,1224,63,Reserved,Male,1
Private,2.474453583471989,1507,49,General,Male,0
Private,2.2035649452408075,1580,84,General,Male,0
Public,2.305718278368664,1360,20,General,Female,0
Private,2.491915456769016,1441,68,General,Male,0
Public,2.321362746519111,1316,47,General,Male,0
Public,2.3731340481026115,1227,19,General,Male,0
Private,2.570190337387694,1338,66,General,Male,0
Private,2.3467471905895096,959,43,Reserved,Female,0
Public,3.7935308492528503,948,32,General,Female,0
Public,2.1604674913232844,1575,72,General,Male,0
Private,3.0490227791405093,1029,60,General,Female,0
Private,2.8207936539793232,1511,8,Reserved,Female,0
Private,3.964757233817213,1361,67,Reserved,Female,1
Public,2.2240778043361047,866,34,General,Female,0
Public,2.7957111980914835,1180,80,Reserved,Female,0
Public,3.9389408665507375,857,97,General,Female,0
Public,3.7310142517879603,1058,87,General,Male,0
Public,3.6341441418985596,1141,95,General,Male,1
Public,2.5158056540898794,929,64,General,Male,0
Private,2.341775174780132,1526,7,Reserved,Male,0
Public,3.337286439848862,971,44,General,Male,0
Public,3.858751978255172,1569,86,General,Female,1
Public,3.11352578602786,1413,46,Reserved,Male,1
Private,3.1432253789397997,1008,39,General,Male,0
Public,2.5599581873205683,1153,75,General,Female,0
Public,3.538985866383874,1270,53,General,Female,1
Private,2.3740874971150467,1597,75,General,Male,0
Public,2.647358472808487,915,45,General,Female,0
Public,2.850872877232834,1063,46,General,Female,0
Public,3.01522075736891,1461,14,General,Female,1
Public,2.4848194648301605,1241,18,General,Female,0
Public,2.229673649478407,1347,25,Reserved,Male,0
Private,3.221240084883265,1252,51,General,Female,1
Private,2.5772611064805115,1276,92,General,Male,0
Private,3.1624764428452243,1086,21,General,Male,0
Public,2.308725430548405,1102,20,General,Female,0
Public,2.9622802037096347,1110,50,General,Female,0
Public,3.0651788651031717,1007,37,General,Female,0
Private,2.103647073644854,1417,19,General,Male,0
Public,2.6732085563878414,1245,28,Reserved,Female,0
Public,2.2688293538779485,1469,50,General,Female,0
Private,2.1267499409455355,1432,3,Reserved,Female,0
Public,3.9799204647798905,854,54,General,Female,0
Private,2.644707689949446,811,70,Reserved,Female,0
Private,3.6197488917092695,1456,91,General,Male,1
Private,2.5092813095275277,1199,27,Reserved,Female,0
Public,3.3630054444478583,1447,3,General,Female,1
Public,3.520455719779373,1314,21,General,Female,1
Public,3.1912774812156885,1455,75,General,Male,1
Public,2.9431523771003167,1341,44,Reserved,Female,0
Public,2.823681828294537,1036,66,General,Male,0
Public,2.6977365330859904,1078,85,General,Male,0
Public,3.8590582884956515,1147,65,General,Female,1
Private,3.6612388155754583,1426,87,General,Female,1
Public,3.930053821333025,903,33,General,Female,0
Private,2.2485944469710892,1429,90,General,Male,0
Public,3.4617349504072887,1316,54,Reserved,Male,1
Public,3.8766809136420757,1047,0,Reserved,Male,0
Public,2.3624661323313205,1163,71,Reserved,Male,0
Private,2.132992534733555,1120,86,General,Male,0
Private,3.482241298580118,1432,37,Reserved,Male,1
Private,3.148946226359824,1085,5,Reserved,Female,0
Private,3.683657553516544,948,85,General,Female,0
Public,2.279544753252579,883,24,General,Male,0
Private,3.5905346237197806,1205,81,General,Female,1
Public,2.403254640095489,1255,16,Reserved,Female,0
Public,2.327311885731409,1542,60,General,Male,0
Private,2.328531595861986,1599,11,General,Male,0
Private,3.629149440462764,960,5,General,Female,0
Private,3.3303944413924,1583,89,Reserved,Male,1
Private,3.0461308495382386,1259,26,Reserved,Male,1
Private,2.7176609682470048,1349,7,Reserved,Female,0
Private,3.7544010816262166,1299,82,General,Male,1
Private,2.7848902148452708,1537,64,General,Female,0
Private,3.633198878943154,1308,56,General,Female,1
Public,2.8782698171404366,1453,92,General,Female,0
Private,2.753888858849815,1280,98,General,Female,0
Private,2.9253595713392126,1462,39,General,Female,0
Public,2.602755748328284,913,13,General,Male,0
Private,3.4952187603525022,1548,34,General,Male,1
Public,3.0054407801849585,1377,47,Reserved,Male,1
Public,2.4644253902936346,1160,83,General,Male,0
Private,3.799149146549137,1140,55,Reserved,Female,1
Public,2.767782442746423,1569,48,General,Female,0
Public,3.087105722227977,1560,12,General,Male,1
Public,3.8129442219290937,1248,60,General,Female,1
Public,3.248475991827984,979,48,General,Male,0
Private,2.2337960814167284,1501,45,General,Male,0
Public,3.87966424722695,1206,61,General,Male,1
Private,3.2554161061428357,1465,7,General,Female,1
Public,2.6698112293141723,995,42,General,Female,0
Public,2.2785441453267747,1265,19,General,Female,0
Public,3.5880503785405917,1110,96,Reserved,Female,1
Public,3.240145511857027,1061,89,Reserved,Male,0
Private,3.0669221839526433,1218,38,Reserved,Female,1
Private,3.7877851661019153,1205,84,General,Female,1
Public,3.5771944224490615,942,48,Reserved,Female,0
Public,2.3033497594655024,1141,63,Reserved,Male,0
Private,2.6234441355910967,1115,61,General,Male,0
Public,2.4969782796289315,900,53,Reserved,Female,0
Public,3.487892585145354,1043,8,General,Female,0
Public,2.067064869471559,1289,87,Reserved,Female,0
Private,3.139779369742633,811,36,Reserved,Female,0
Private,3.524917371481381,1038,48,General,Male,0
Private,3.7535312735234987,1360,40,General,Female,1
Public,2.6841634974318147,841,16,Reserved,Female,0
Public,3.6425146093440257,1477,87,General,Female,1
Private,2.2212634739104145,1393,20,General,Male,0
Private,3.692904583469036,1228,50,Reserved,Male,1
Private,2.254977324663965,957,58,General,Female,0
Private,2.7945745811207345,1015,38,General,Female,0
Public,3.5945907315591072,1469,54,General,Female,1
Private,2.2998348546975476,1261,40,General,Female,0
Public,2.4585027904652828,933,38,General,Female,0
Private,3.4445051367861326,866,12,General,Male,0
Public,3.4400730730921487,806,63,General,Male,0
Private,3.2822952657705944,1325,10,General,Male,1
Private,3.3878968889342,872,18,Reserved,Female,0
Private,3.0854488866951923,1198,10,General,Male,1
Private,2.5035981178139055,1204,76,General,Male,0
Public,2.691391987007839,1474,45,General,Male,0
Private,2.3631954336028516,1377,44,General,Female,0
Public,3.8169011226672565,929,0,General,Female,0
Public,3.166783589532241,1265,39,General,Male,1
Public,2.80170283352728,1005,18,Reserved,Female,0
Public,2.924011607288265,1587,75,General,Male,0
Private,3.8945666792236304,1567,71,General,Male,1
Public,2.3067028062321606,1065,71,General,Male,0
Public,3.1724596640335943,1336,60,General,Male,1
Public,3.011777357768932,1592,11,General,Female,1
Private,3.222908470869296,1052,60,General,Female,0
Private,2.036220367641681,1088,32,General,Female,0
Private,3.744247817888303,963,44,Reserved,Female,0
Private,3.864236564967225,894,89,General,Male,0
Public,3.130266367178418,1581,91,General,Female,1
Public,3.3933016477537845,909,68,General,Male,0
Private,3.8449987623545914,1135,7,General,Female,1
Public,3.414477268626797,1037,24,General,Female,0
Public,2.305078085828523,1180,90,General,Female,0
Public,3.1525767203336263,1235,45,General,Male,1
Private,3.213430092765712,1282,86,General,Male,1
Private,2.848261342604772,824,29,General,Male,0
Public,3.472888471249446,1452,46,General,Male,1
Private,3.8687340295380297,916,86,General,Female,0
Private,3.8511370258135527,1281,48,General,Male,1
Private,2.901678742808264,1191,46,General,Male,0
Private,2.2264760916815103,1336,83,Reserved,Female,0
Private,3.969682397924669,878,81,General,Female,0
Public,3.677796172891868,1379,17,Reserved,Male,1
Private,2.249325362406534,972,65,General,Female,0
Public,3.8416837652347446,811,67,General,Male,0
Public,3.7397927241242566,1599,93,General,Female,1
Private,3.037676114252144,927,32,General,Male,0
Public,3.1825508714898585,1407,35,General,Male,1
Public,2.7980054077402605,891,81,Reserved,Male,0
Public,2.1095232776440627,1452,18,General,Male,0
Private,2.670394483291802,1342,27,Reserved,Male,0
Private,3.605706897196023,1331,39,General,Female,1
Public,2.0092640460092057,1457,83,Reserved,Male,0
Private,2.6669983433822884,1246,96,General,Male,0
Private,2.796337387181887,1189,75,Reserved,Male,0
Private,3.0747912058758455,1471,14,General,Male,1
Private,3.839711232825521,842,40,General,Male,0
Public,2.6926919887319225,1053,38,General,Female,0
Public,2.6939064037924556,929,1,Reserved,Female,0
Private,3.4750024962194965,859,62,General,Male,0
Private,2.904435881779614,1462,28,Reserved,Female,0
Public,2.449209645879964,1266,73,General,Male,0
Public,2.904879032265387,1086,65,Reserved,Female,0
Private,2.2817140407595997,1316,50,Reserved,Female,0
Public,2.3527739730124466,1266,74,Reserved,Male,0
Private,2.9967355454789595,1577,76,General,Female,0
Private,2.837850899009096,1144,9,General,Female,0
Public,3.8296918021362,1441,13,Reserved,Male,1
Public,2.7247877982332662,1181,81,General,Male,0
Private,3.161176700556087,1578,50,General,Female,1
Private,3.2645285758390608,1489,72,General,Female,1
Public,2.026188913176667,1052,38,Reserved,Female,0
Private,3.327074744033421,855,27,General,Male,0
Public,2.3560719337395026,1262,2,General,Female,0
Private,3.92214063493891,1256,83,Reserved,Female,1
Public,2.297325455506226,882,69,General,Female,0
Public,2.8292482474540472,898,26,Reserved,Male,0
Public,2.1706993361572877,948,1,General,Male,0
Private,3.9937485036918945,1128,92,General,Male,1
Private,3.004390020662485,955,37,General,Male,0
Public,3.190770034640088,989,2,General,Female,0
Private,2.134152954776855,1293,15,Reserved,Male,0
Public,3.4999209407983556,1062,93,General,Female,0
Public,2.4198111861911715,879,39,General,Female,0
Private,3.7961085788814275,1199,1,General,Female,1
Private,2.4102792809640143,1563,80,General,Female,0
Public,2.381375441327333,1408,40,General,Male,0
Private,2.07309933569619,1059,11,General,Male,0
Private,2.9441338902199985,1571,34,General,Male,0
Public,3.129682266525233,1414,64,Reserved,Male,1
Public,2.1314172788567047,1351,54,General,Male,0
Private,3.551055233390021,1584,44,General,Female,1
Public,2.9065776694960554,900,78,General,Male,0
Public,3.0487805386551603,1158,89,Reserved,Male,1
Private,2.881525493876456,1179,84,General,Male,0
Public,2.801526121750652,1020,61,General,Male,0
Public,3.1192806626164358,1219,48,General,Female,1
Private,2.310480491861425,923,94,Reserved,Female,0
Private,2.3638562609905422,1221,24,General,Female,0
Public,3.7235712420270346,1030,22,Reserved,Female,0
Public,3.8922309242672655,1489,23,General,Female,1
Private,2.746618632559506,862,37,General,Male,0
Private,2.5414893462871078,1284,27,Reserved,Female,0
Private,3.2879990864780315,1427,20,General,Female,1
Private,2.817468342196193,1502,53,Reserved,Female,0
Public,2.0507727113206897,1373,17,Reserved,Male,0
Private,2.3123051947323807,1567,35,Reserved,Male,0
Private,3.431944457694795,1282,98,General,Female,1
Public,3.3178478838203027,1318,44,Reserved,Male,1
Private,2.054191985006967,954,72,General,Male,0
Public,2.4439443238658987,891,52,Reserved,Female,0
Private,2.462149593176143,1325,29,General,Male,0
Private,3.343785487197457,1254,59,Reserved,Male,1
Private,2.039421075508728,1540,97,General,Male,0
Public,2.208217163969148,1397,31,General,Female,0
Public,3.599832170746379,1444,66,General,Female,1
Private,2.3570893241086672,1309,66,Reserved,Female,0
Public,3.305492215703749,982,27,General,Male,0
Public,2.476365562093453,1185,43,General,Female,0
Public,2.1988827855186903,1373,78,Reserved,Male,0
Public,2.486344381998908,1530,40,General,Male,0
Public,3.4445338637113183,1204,62,General,Male,1
Public,3.7113929362125715,1045,22,General,Female,0
Private,3.660439729133983,1541,74,General,Female,1
Private,2.79436705923691,1390,47,General,Female,0
Public,3.3361702731412923,1460,31,General,Female,1
Private,2.409968590831642,1449,56,General,Male,0
Private,2.5862954605220265,1270,99,General,Female,0
Private,3.7926716370422398,1222,32,Reserved,Male,1
Private,2.026003847021472,864,23,General,Female,0
Public,2.171017061708936,812,38,General,Female,0
Private,2.4157725102920544,1012,33,Reserved,Female,0
Private,2.053064407747639,1041,55,General,Male,0
Public,2.3628708701795946,1292,27,General,Male,0
Public,3.1660831219393843,1012,36,Reserved,Male,0
Private,2.8428491011849957,1492,6,Reserved,Male,0
Private,3.7853434221539497,1137,67,Reserved,Male,1
Private,3.634887123476882,972,36,Reserved,Female,0
Private,2.683634703395752,1471,55,Reserved,Male,0
Private,2.518846866862585,963,64,General,Male,0
Private,2.759384816334534,1264,64,Reserved,Male,0
Public,3.1805898850296153,1296,46,General,Male,1
Private,2.5361272816457525,1499,19,Reserved,Female,0
Private,3.248297815698268,1194,18,General,Male,1
Public,2.818823304382481,1502,28,General,Female,0
Public,3.1040943617039605,1107,73,General,Female,1
Public,2.8722530582706334,1567,59,Reserved,Female,0
Public,2.588931519083835,982,17,General,Male,0
Private,3.8969066139243136,1428,91,Reserved,Female,1
Private,3.5272115883195214,1593,34,Reserved,Male,1
Private,2.280226351532905,1309,42,General,Male,0
Private,3.7369359517958256,1507,94,Reserved,Male,1
Private,2.9748623964990273,1345,90,Reserved,Male,0
Private,3.789104453788183,1363,10,General,Male,1
Public,3.5997105118946306,1423,48,General,Female,1
Private,2.8504270089384667,1563,37,General,Female,0
Public,2.044938616640235,1393,63,General,Male,0
Public,2.537354718769892,1543,68,General,Female,0
Private,3.083268429321734,1026,7,Reserved,Male,0
Public,3.2669564396522945,1544,33,General,Female,1
Private,2.515775370866405,1532,47,Reserved,Female,0
Public,2.2787121481456483,1235,55,General,Female,0
Private,3.6698604735985985,1221,75,General,Female,1
Public,3.9688043614071042,1353,64,Reserved,Female,1
Private,3.0513803646053717,820,30,Reserved,Male,0
Private,2.3433585716966068,1353,3,General,Male,0
Private,2.544614653038738,1196,49,General,Female,0
Private,2.0367813530949332,1424,68,General,Male,0
Private,3.828597613120998,904,29,General,Female,0
Public,2.2355021657802823,991,87,General,Male,0
Public,3.153032951028507,816,58,General,Female,0
Public,2.548110441374412,919,66,General,Female,0
Private,3.108356005031587,1192,74,Reserved,Female,1
Public,3.3028407767037287,1224,44,General,Male,1
Private,3.659483607414403,928,3,General,Male,0
Private,2.412842543521206,929,25,General,Female,0
Public,2.0219916573169607,1371,26,Reserved,Female,0
Public,2.2737712601376145,1359,45,Reserved,Male,0
Private,3.80003728369621,828,63,General,Male,0
Public,3.7477801551250307,896,90,Reserved,Male,0
Private,3.1948262043406164,809,50,General,Male,0
Private,3.201033720867307,1041,49,General,Male,0
Private,3.330073349092511,1031,5,General,Female,0
Private,2.350742557246899,1588,58,General,Male,0
Private,3.8288238918499196,1083,14,Reserved,Female,0
Public,2.8375410497841465,1514,29,Reserved,Female,0
Public,2.766277056498995,1558,41,General,Male,0
Private,3.037835410565675,1575,36,General,Male,1
Private,2.09393193355011,1525,41,General,Female,0
Public,2.332566737512159,999,34,General,Male,0
Public,3.476067232852741,878,86,General,Female,0
Private,2.165597335850253,972,5,General,Male,0
Public,3.206304218932776,1266,67,General,Male,1
Private,2.490698219362642,1380,17,General,Male,0
Public,2.778591228083953,1215,72,General,Female,0
Private,2.5773874735413997,1248,28,General,Male,0
Public,2.7113454329298983,886,76,Reserved,Female,0
Private,3.438091810368491,900,58,General,Male,0
Public,2.5942434312463503,807,46,Reserved,Female,0
Public,3.1328092805937944,999,16,General,Male,0
Private,2.9521008043981993,1304,95,Reserved,Female,0
Public,3.3273423307252963,886,21,Reserved,Female,0
Private,3.873659478649516,842,67,General,Female,0
Public,3.4651441944205006,1184,68,General,Female,1
Private,2.4298807571815138,1420,36,Reserved,Female,0
Public,2.0623662701225696,1234,48,General,Female,0
Private,2.5245280885996504,1207,12,General,Male,0
Public,3.19015586140051,1282,33,General,Female,1
Private,2.1028516269685005,1463,85,General,Female,0
Public,2.992732494402473,816,52,General,Female,0
Private,3.1936856978337786,1444,86,Reserved,Male,1
Private,2.668487781633922,947,50,General,Male,0
Private,3.541824407491644,1076,2,General,Male,0
Public,2.2131965062675434,1031,41,Reserved,Female,0
Private,2.1502755634716175,1165,97,General,Male,0
Public,3.4563775124072067,1027,31,Reserved,Male,0
Private,2.990982632412397,1450,50,General,Female,0
Public,3.376804792855472,1235,84,General,Female,1
Private,2.8696546772074925,1198,45,Reserved,Male,0
Public,2.4928040664782136,1010,20,General,Female,0
Public,3.6382046353483997,1190,43,Reserved,Female,1
Private,3.5988317579379583,1298,10,Reserved,Female,1
Public,3.3893929417088535,1339,67,Reserved,Female,1
Public,2.544290274459925,1362,0,General,Male,0
Private,3.180461333738174,1290,91,Reserved,Female,1
Public,2.7219477938800534,1241,62,General,Male,0
Public,2.1831641466532683,1060,23,General,Male,0
Public,3.8346271509244856,1572,98,Reserved,Male,1
Private,2.273637261837923,1149,12,General,Male,0
Public,3.900474707641605,1151,97,Reserved,Female,1
Private,2.8920115459159117,1319,10,Reserved,Female,0
Public,2.3702658576772393,1119,99,Reserved,Female,0
Public,3.083801894756716,937,50,General,Male,0
Public,3.7458916717528163,1349,16,Reserved,Male,1
Private,3.4644497728191226,1422,98,General,Male,1
Public,3.6131222957228992,1167,81,Reserved,Female,1
Public,3.317566733421435,1019,85,General,Male,0
Private,3.384553129035705,1136,23,General,Female,1
Public,3.698391303130639,1022,18,General,Female,0
Private,2.499336017718372,1447,36,General,Female,0
Private,2.978849927286281,1567,84,General,Female,0
Public,2.4424188836392045,1159,7,Reserved,Male,0
Private,3.9753360159932942,1128,27,General,Female,1
Public,3.8881186793732265,1262,4,General,Male,1
Private,2.078853622737012,1360,16,General,Female,0
Private,3.411150345031377,1181,35,General,Male,1
Public,3.8504966348313316,1389,18,General,Male,1
Private,2.361150690254667,1416,63,General,Female,0
Private,3.1358904611052587,968,90,General,Female,0
Private,3.8309765951760837,1016,97,General,Female,0
Private,2.0678919571715975,1177,10,General,Male,0
Private,3.39484053449368,918,53,General,Female,0
Public,2.5946980147451013,989,44,General,Female,0
Private,3.8487923907530606,1566,46,Reserved,Male,1
Public,3.9421164903307355,1169,11,Reserved,Female,1
Private,3.888532978226868,1577,20,General,Male,1
Public,2.9484284333149278,948,10,Reserved,Female,0
Public,3.7240853019786266,1475,91,General,Male,1
Private,3.689098797070141,1451,4,General,Male,1
Private,2.6382009464865113,1287,80,Reserved,Female,0
Private,3.6578309483013545,1569,55,General,Male,1
Public,2.0740152694309852,1173,19,Reserved,Female,0
Private,3.192539756964106,1580,40,General,Female,1
Public,2.460017674575406,1492,45,General,Male,0
Public,2.2411337715545576,959,11,General,Female,0
Public,2.1539064032584183,1150,69,Reserved,Male,0
Private,3.3925775517562795,1087,16,General,Male,0
Private,2.6797499275361325,1087,18,Reserved,Male,0
Public,3.449533543057523,1025,25,General,Male,0
Public,2.1307126815978847,1322,47,General,Male,0
Private,2.6305806756612204,1321,51,General,Male,0
Public,3.0789825847506744,1582,95,General,Male,1
Private,3.5814463296779273,1072,69,Reserved,Male,0
Public,2.63750500586414,1201,54,General,Female,0
Private,3.251782752874018,982,99,Reserved,Female,0
Public,3.7719554964723745,1464,74,Reserved,Male,1
Private,3.231726376364609,1287,32,General,Female,1
Public,2.4659189495072678,923,61,General,Female,0
Private,2.0488015631130763,1425,87,General,Female,0
Private,3.7401977478018598,1589,22,General,Female,1
Public,2.0425388217007745,1213,14,General,Female,0
Public,3.749403345368399,1524,26,General,Female,1
Private,3.057874268054424,971,74,General,Male,0
Public,3.878135397025792,1087,63,General,Female,0
Private,3.5975664715473306,1234,80,General,Female,1
Public,3.995868221066675,1485,50,General,Female,1
Private,2.7014236309034203,912,52,General,Female,0
Private,3.534376577862254,921,77,Reserved,Male,0
Private,2.8038618272184843,1343,90,General,Male,0
Private,2.959751240607818,1021,81,General,Male,0
Private,3.25501092643674,1430,91,Reserved,Male,1
Private,3.7473542283726777,838,50,General,Female,0
Public,3.96816693839859,1296,46,General,Male,1
Public,3.5365468277290364,1579,3,General,Male,1
Public,2.8355335643346677,1032,6,General,Male,0
Private,2.84271400455414,1329,34,General,Male,0
Private,3.4751646031777828,948,47,General,Female,0
Private,2.4775542915366047,1196,72,General,Male,0
Private,2.2209482262627893,1460,71,General,Female,0
Public,2.709244315281553,1437,44,Reserved,Male,0
Public,2.5744779833081637,1101,80,Reserved,Female,0
Private,2.59261624091198,1159,80,General,Female,0
Public,2.46721550209982,1037,96,Reserved,Male,0
Public,2.0841863792727238,1446,95,General,Male,0
Private,2.0357478694668276,1462,71,General,Male,0
Public,3.9754447794720633,1035,18,Reserved,Male,0
Private,2.8555462674717247,1535,62,General,Female,0
Public,2.768653294319363,1002,37,General,Female,0
Private,3.35929456538614,1055,66,General,Male,0
Private,2.4365077757301283,1397,58,General,Male,0
Private,3.8999223679004507,1461,68,Reserved,Female,1
Private,3.5726900288311043,1034,12,Reserved,Male,0
Public,2.178822004624519,1144,46,Reserved,Female,0
Private,2.8351615515698567,1333,60,Reserved,Male,0
Private,3.7582366151243294,1596,30,General,Female,1
Private,3.8894640445828204,1580,79,General,Female,1
Public,2.9348030224997395,1265,95,General,Female,0
Private,3.2268227784214156,1569,21,General,Female,1
Public,2.3340678921841507,1340,92,General,Female,0
Private,3.982337252273953,1012,85,Reserved,Male,0
Public,2.4633434027668866,1262,42,General,Female,0
Public,3.885463548270251,1235,66,General,Male,1
Private,3.299293297984737,1082,53,General,Female,0
Public,3.2154735897577185,1361,9,General,Female,1
Private,3.025377022033017,1406,41,Reserved,Male,1
Private,2.461339623435517,1262,63,General,Male,0
Private,2.3530560640110165,1206,20,General,Male,0
Public,2.4409724181403507,887,79,Reserved,Male,0
Public,2.3728765242885093,843,75,General,Female,0
Private,3.5591689471335064,1260,65,General,Male,1
Private,2.70025051833346,1077,40,General,Female,0
Public,2.1156853531267927,1482,23,Reserved,Male,0
Private,3.938205260281623,1220,34,General,Male,1
Private,3.7675717699268514,1500,55,Reserved,Female,1
Private,3.855504566390426,1152,29,Reserved,Female,1
Public,3.989815645292871,1495,56,General,Male,1
Public,2.3477904984389744,1314,93,Reserved,Female,0
Public,2.7924840378053175,1502,46,Reserved,Female,0
Private,3.5164769514081824,1429,34,Reserved,Female,1
Private,3.3920412361075845,818,18,Reserved,Female,0
Private,2.30779181267971,822,7,General,Female,0
Public,3.6316662499812358,1212,25,General,Female,1
Private,2.4488811436733213,829,70,General,Female,0
Private,2.447635229645246,907,29,General,Female,0
Private,3.073948845786827,1166,6,General,Male,1
Private,3.185879869683406,1080,66,Reserved,Female,0
Public,3.160172415675622,927,64,Reserved,Male,0
Public,2.1829736747955097,1028,35,General,Female,0
Private,3.7549217252607607,910,24,Reserved,Female,0
Public,2.531200085177412,935,36,Reserved,Female,0
Public,2.2590298425656083,1161,0,General,Female,0
Private,3.7774961597379546,985,14,General,Male,0
Private,3.911302996459507,1455,36,General,Male,1
Public,3.7242552345309012,1383,12,Reserved,Female,1
Private,3.6190321494497564,928,7,General,Male,0
Public,3.3104839612780435,1060,4,General,Female,0
Private,3.1017147412182786,1314,59,General,Female,1
Public,2.1739735198228205,1248,72,Reserved,Male,0
Private,2.816906426141397,903,0,Reserved,Male,0
Public,2.745377034024628,1282,35,Reserved,Female,0
Public,2.5195075675206526,1023,34,Reserved,Female,0
Public,3.44684022737717,1290,65,Reserved,Male,1
Private,2.9917514701575416,1272,62,Reserved,Female,0
Public,2.162092431815296,809,22,Reserved,Male,0
Public,2.4403664038996227,1204,8,Reserved,Female,0
Private,3.366517527319192,1101,33,General,Female,1
Private,2.1522617189806006,1030,45,General,Male,0
Public,3.702413828097537,1530,77,General,Male,1
Public,2.9902930540279486,865,3,General,Male,0
Private,2.961173154653296,911,29,General,Female,0
Private,3.184815569319035,812,94,General,Female,0
Private,3.649361931850298,1192,74,Reserved,Female,1
Private,2.695618415804386,1299,98,Reserved,Female,0
Private,3.356032305118127,1397,71,Reserved,Male,1
Public,3.1314639279915824,1033,2,General,Female,0
Private,2.5340565403388426,1401,13,General,Female,0
Public,3.757259972710316,1113,59,General,Female,1
Public,3.594852043213856,1365,76,General,Male,1
Public,3.3169036693168508,811,44,General,Female,0
Private,3.701163458188484,1008,95,General,Female,0
Public,3.7345884019196047,813,33,Reserved,Male,0
Public,3.4167259534300696,1432,44,Reserved,Female,1
Private,3.674026656727344,1217,60,General,Female,1
Public,3.3949429233385673,1236,82,General,Male,1
Public,3.3602815435206006,1176,15,General,Female,1
Private,3.2372227564303686,819,65,General,Female,0
Public,3.5054332791152825,1386,39,Reserved,Female,1
Public,2.3172102105861474,1554,16,General,Male,0
Public,3.761741518397857,1534,33,General,Female,1
Private,3.743687055490464,869,15,General,Female,0
Private,2.0584945660691183,1010,59,General,Male,0
Private,3.6516335011295253,900,65,General,Male,0
Public,2.2577397349468904,1497,65,Reserved,Female,0
Public,2.670237708518284,931,89,General,Female,0
Private,3.4870165125832155,1422,12,General,Female,1
Public,2.321519792096616,1180,55,General,Female,0
Public,3.6359340482381244,931,30,General,Male,0
Private,3.6642683559154836,819,33,Reserved,Female,0
Private,3.0149354675216724,1335,38,General,Male,1
Public,2.0127717434336674,1026,66,General,Male,0
Public,2.5740762663498256,953,7,General,Female,0
Public,3.2338538367514844,1541,86,General,Female,1
Private,3.962372356054847,1268,77,General,Male,1
Private,3.2636270540333365,1204,54,General,Male,1
Private,2.5196071621283194,1001,26,General,Female,0
Private,3.2680114061992227,837,92,Reserved,Male,0
Public,3.0799707594317107,1571,52,General,Female,1
Private,3.5596907903022874,987,38,Reserved,Female,0
Private,2.213961277653917,856,64,General,Male,0
Private,3.5220558050040562,819,16,Reserved,Male,0
Private,3.0825331573522208,1072,29,Reserved,Female,0
Private,3.9259840077179895,918,52,General,Male,0
Public,2.683744332077372,1382,12,Reserved,Female,0
Public,3.265243786267896,1315,20,General,Female,1
Private,3.864056211020035,1020,18,Reserved,Female,0
Public,2.2050194559813585,1325,52,General,Male,0
Private,3.8744569744729023,1314,18,General,Female,1
Private,3.375771444601627,1527,56,General,Female,1
Public,2.1356741182103436,1540,24,Reserved,Female,0
Public,2.6019271338936325,1135,85,General,Female,0
Private,3.416344177290563,1497,30,General,Female,1
Private,2.1347012029375434,854,80,Reserved,Female,0
Private,3.1643409203525463,1299,54,Reserved,Female,1
Public,2.6917661139059135,1565,22,General,Female,0
Private,3.241831035534954,1335,31,General,Female,1
Private,2.091484067625026,961,61,General,Female,0
Private,3.7430736123047526,1469,73,General,Female,1
Public,3.946977938354794,1393,9,General,Male,1
Private,3.937755710571383,958,99,Reserved,Female,0
Private,3.4993036634858496,987,71,General,Female,0
Public,2.260172480261264,859,53,General,Female,0
Private,3.5165263918580454,1118,51,General,Male,1
Private,2.049173832917603,1010,19,General,Female,0
Public,2.0442471030579945,1205,31,General,Male,0
Private,2.6472204382990823,1463,13,General,Female,0
Public,2.9772863808093315,908,49,General,Female,0
Public,3.5408148356155866,875,27,Reserved,Male,0
Private,3.3665907532130106,1341,52,General,Female,1
Private,2.891805412753497,1113,23,Reserved,Male,0
Private,2.547253332563332,916,78,Reserved,Male,0
Private,3.9942490003154223,1503,21,General,Female,1
Public,2.8523626044719457,818,29,Reserved,Female,0
Private,2.902774048659351,1231,62,General,Female,0
Public,2.3272476423833384,1484,3,General,Female,0
Private,3.5896190974998587,1539,76,Reserved,Male,1
Private,3.387364451562977,1149,58,General,Male,1
Private,2.441539225577521,982,86,General,Female,0
Public,2.1647620912316854,912,7,Reserved,Male,0
Private,3.360998604149426,982,81,General,Male,0
Private,3.3090224285622707,1280,11,General,Female,1
Private,2.546519053996419,945,30,Reserved,Male,0
Private,3.9017271245008205,1427,77,General,Male,1
Public,2.3021157835618005,912,33,General,Female,0
Private,2.864669602085204,1562,81,General,Male,0
Public,3.8872318403351978,1275,97,General,Female,1
Public,2.8394546338522444,1562,74,General,Male,0
Public,3.277051895328171,1102,75,Reserved,Female,1
Public,2.7951887959255886,917,48,General,Male,0
Public,2.5484304046973403,960,78,General,Male,0
Public,3.9679552959196567,1200,56,Reserved,Female,1
Private,2.818668012630086,997,94,Reserved,Female,0
Public,3.788198407358269,1059,92,General,Female,0
Public,2.4599092117821724,1459,25,General,Female,0
Public,2.4262094080501666,1551,17,General,Male,0
Private,2.062268165769023,846,95,General,Male,0
Private,3.30333365075177,1198,85,General,Male,1
Public,2.7370526874475223,1509,37,General,Female,0
Private,3.7287164996792743,1358,80,Reserved,Male,1
Public,2.9464198133831143,877,86,Reserved,Male,0
Public,3.9363868558294435,923,87,General,Female,0
Private,2.3710510314062425,874,49,General,Female,0
Public,3.7372463359112214,936,7,General,Male,0
Private,3.5531937055834835,1401,40,General,Female,1
Private,3.541843689288104,1199,5,General,Male,1
Public,3.6895664562337753,1304,68,Reserved,Male,1
Public,3.522047981885998,1299,43,General,Female,1
Private,3.2524406432628306,1372,63,General,Male,1
Public,2.262489755364775,937,28,Reserved,Female,0
Public,2.065052358982504,849,27,General,Female,0
Public,3.8416956956313735,1570,10,General,Male,1
Private,3.233300629041476,1418,64,General,Male,1
Private,3.5930745819523526,1424,18,General,Male,1
Public,2.9630447030251004,1053,8,Reserved,Female,0
Private,2.234616377924789,1429,26,General,Male,0
Private,2.2503715844051007,1509,33,General,Female,0
Private,3.3711305744579425,1362,43,General,Female,1
Private,2.8606117897989254,1556,67,Reserved,Male,0
Private,2.4010494534006734,1225,99,General,Female,0
Public,2.9831890934828738,1346,81,General,Male,0
Public,2.1284178741502684,1101,14,General,Male,0
Public,3.163942803828798,1380,50,General,Male,1
Private,2.5379868088701953,1148,12,General,Male,0
Private,3.595118201274376,848,82,General,Male,0
Public,2.6207239178471475,873,48,General,Male,0
Private,2.9104402981636026,1503,69,General,Male,0
Public,2.0232410798162013,1060,55,Reserved,Female,0
Public,2.144893775589118,1155,75,General,Male,0
Public,2.7849871128133694,1381,50,General,Female,0
Private,2.9598776694342472,1401,36,General,Female,0
Private,3.2000410962386074,1059,16,Reserved,Female,0
Public,2.5833251574186065,1437,57,General,Male,0
Public,3.3899637722530853,1542,86,Reserved,Female,1
Public,3.7202447943784094,1094,89,Reserved,Female,0
Public,3.5597019777866996,1440,28,General,Male,1
Private,2.0792376506967143,1591,32,Reserved,Male,0
Private,2.961013894515658,1112,59,General,Female,0
Public,2.2098603568363497,1411,90,General,Male,0
Public,2.4840900317250547,981,88,Reserved,Male,0
Private,3.973325186534293,1485,54,Reserved,Male,1
Private,2.2849910858030267,1163,9,General,Male,0
Public,2.997776306902712,987,46,General,Female,0
Public,3.236311468636238,1368,22,General,Male,1
Public,3.404929941088208,1342,84,Reserved,Male,1
Private,3.119297366973828,1395,20,General,Male,1
Private,2.0195416948383675,1463,12,General,Female,0
Private,2.6529226164879836,1347,32,General,Female,0
Public,3.035423286769423,1524,23,General,Male,1
Public,2.175732998289667,1207,10,Reserved,Male,0
Private,2.7012538624183615,1417,16,General,Female,0
Private,2.066406217582733,1213,67,Reserved,Male,0
Public,2.1571569943100415,1141,46,General,Male,0
Private,2.793846552403192,1019,24,Reserved,Female,0
Private,2.2654315080861207,962,93,General,Male,0
Public,3.135081696523116,1019,72,General,Male,0
Private,3.3789299382745313,1069,20,General,Female,0
Public,3.6011733982181657,1431,83,General,Female,1
Public,2.40030048848962,1199,82,General,Male,0
Public,2.3349651645181395,981,82,Reserved,Female,0
Public,2.2091356806688003,1417,11,General,Male,0
Public,3.2728604990872734,1528,36,General,Male,1
Public,3.412951452973802,1004,41,General,Male,0
Public,2.063172289651284,1381,16,General,Female,0
Private,3.8724244924873794,1355,47,General,Female,1
Public,2.103942567302945,1027,27,Reserved,Male,0
Public,3.082592670602141,1495,40,Reserved,Male,1
Private,3.418121038901833,1418,98,General,Female,1
Private,3.741938247492171,1395,46,General,Female,1
Private,3.4281738642648554,1049,17,General,Female,0
Public,3.6034561661395834,1240,77,General,Male,1
Private,2.678900385085612,1332,98,General,Female,0
Public,3.6296502274930242,995,70,General,Female,0
Public,2.1602296927693505,1489,12,General,Male,0
Public,3.7896333121210555,1318,81,General,Male,1
Public,3.0951847523074725,869,12,Reserved,Male,0
Private,3.6345955399249874,1438,99,General,Female,1
Private,2.9046365690366,1198,30,General,Male,0
Public,3.2871553903930497,1471,1,General,Male,1
Public,3.0528053218722264,1559,15,General,Male,1
Public,3.4631790435106637,1002,8,Reserved,Male,0
Private,2.1632599640611794,947,72,Reserved,Female,0
Public,2.1207041679811276,1271,37,Reserved,Male,0
Public,2.494206468020293,1454,74,General,Female,0
Private,2.3190893602263767,998,53,Reserved,Female,0
Private,3.7435671331844036,1225,55,General,Female,1
Public,2.4384279747160886,1465,85,Reserved,Male,0
Private,3.951730511638263,1291,96,General,Female,1
Private,2.6737915835422137,941,99,Reserved,Male,0
Public,2.364235831377399,1112,86,Reserved,Male,0
Private,3.5793970142849583,964,44,Reserved,Male,0
Public,3.3174155510017522,1113,33,General,Female,1
Private,2.996391432906278,820,8,General,Male,0
Public,3.1107271018752627,881,87,Reserved,Male,0
Public,3.438403556544528,1380,7,General,Male,1
Public,2.4569094826625975,930,6,Reserved,Female,0
Private,3.992667832113484,1398,35,General,Female,1
Public,3.9495863242935663,1529,17,General,Female,1
Private,3.3006513726938738,1104,2,Reserved,Male,1
Public,2.3990849018582905,1170,27,General,Female,0
Public,3.3604564848625826,1183,69,General,Male,1
Private,2.1443968179583517,1244,43,General,Male,0
Public,2.0613050044116124,1224,20,General,Female,0
Public,2.5153657770224274,960,27,Reserved,Male,0
Private,2.9252459134786326,977,53,General,Female,0
Public,3.7365450108167613,1428,53,Reserved,Male,1
Public,3.454338139532616,1507,64,Reserved,Female,1
Public,3.485413042399962,1289,99,General,Male,1
Public,2.8509866688961507,1126,20,Reserved,Male,0
Private,2.691869985093926,1397,98,General,Male,0
Private,2.742077525969205,1088,12,General,Male,0
Public,3.9752991274721157,1392,56,Reserved,Male,1
Private,2.080218382824965,1463,48,General,Female,0
Public,3.734062992244897,1372,53,General,Male,1
Private,3.1573508171447866,1372,9,General,Female,1
Public,2.877230838379181,1153,52,General,Female,0
Public,3.450515320830273,827,43,General,Female,0
Public,2.973337882849406,842,46,Reserved,Male,0
Public,3.746846476163321,1480,52,General,Male,1
Public,3.801403728022517,1222,73,General,Male,1
Public,2.843441853746911,1397,45,General,Female,0
Private,2.5536555944701034,976,12,General,Male,0
Public,3.1847006571867245,1328,36,General,Male,1
Private,3.8247266912333817,1409,23,General,Female,1
Public,2.421324378011333,1293,1,General,Female,0
Private,3.2459331671269656,997,85,General,Female,0
Private,3.263120440185041,1409,80,General,Female,1
Private,3.466226044830562,1376,99,General,Female,1
Public,2.2631353702545196,1316,13,Reserved,Female,0
Public,3.431649929364177,1313,9,Reserved,Male,1
Private,3.818065041331282,821,34,General,Female,0
Public,2.359366217740484,911,24,Reserved,Male,0
Private,2.4750866498477553,856,2,Reserved,Male,0
Public,3.942790188083279,865,16,General,Male,0
Private,2.3619539054189795,897,11,General,Female,0
Private,3.7087701867391583,943,53,Reserved,Male,0
Public,2.9845557128960696,1234,23,Reserved,Female,0
Private,2.4944621488063543,1436,28,General,Female,0
Public,3.7414998025450226,1478,42,Reserved,Male,1
Private,2.890610510005331,885,24,General,Female,0
Private,3.0296347078593806,1387,99,Reserved,Male,1
Public,2.718466738799531,1143,59,Reserved,Male,0
Public,3.185901702869855,1093,89,General,Female,0
Public,2.3270477451700455,1370,64,Reserved,Male,0
Private,2.782163073303521,1449,83,General,Male,0
Public,3.938824644670575,1410,27,General,Male,1
Private,2.516266865402255,1503,15,Reserved,Female,0
Private,3.3134733290825844,1042,46,General,Male,0
Public,2.65038012844939,1360,80,General,Female,0
Public,3.5469462513732015,831,91,General,Female,0
Private,2.2617473214366997,1190,57,General,Male,0
Private,3.9396420901570894,1076,75,General,Male,0
Public,2.9075790827672785,1331,26,Reserved,Female,0
Public,2.472100926692928,953,52,General,Female,0
Public,2.146993494660025,1182,41,General,Male,0
Public,2.3395158101750813,867,58,General,Male,0
Public,3.039547897112035,1013,46,Reserved,Female,0
Private,2.6740063528625724,1454,93,Reserved,Female,0
Private,3.6577667317652187,1175,33,Reserved,Female,1
Private,2.861775047323612,1543,36,Reserved,Female,0
Private,2.49742854517526,1012,5,Reserved,Female,0
Public,3.2342899732080603,878,6,General,Male,0
Public,3.4135544337708916,1525,95,General,Female,1
Public,2.3340838158018995,1427,95,General,Female,0
Private,2.3352384325766353,1403,24,Reserved,Male,0
Private,2.0733428538670857,1581,32,Reserved,Male,0
Public,3.472804030131281,1180,54,General,Female,1
Public,3.3276090552436104,1479,57,Reserved,Female,1
Private,2.9492617514996278,857,6,General,Male,0
Private,3.688340897938394,1595,56,General,Female,1
Public,3.6113403059001064,825,11,General,Female,0
Public,3.170708728793504,1246,15,General,Male,1
Private,3.7365425610265173,865,79,General,Female,0
Public,2.4116824200735367,1559,42,General,Male,0
Public,2.2238392387954558,1053,99,General,Male,0
Public,2.539499223033979,843,76,General,Male,0
Private,2.11417371217863,896,6,Reserved,Male,0
Private,3.062339056002064,1353,99,Reserved,Female,1
Private,3.873211384589923,1026,50,Reserved,Male,0
Private,2.0786870813370193,1573,72,General,Female,0
Private,2.2442198280200536,1478,31,General,Female,0
Private,2.904398056566871,1235,74,Reserved,Female,0
Private,3.86775003505581,1590,7,General,Female,1
Public,2.632312209953501,1400,96,General,Female,0
Public,3.014469617376785,1178,86,General,Male,1
Public,2.083145718100784,977,88,General,Male,0
Public,2.2966864019241777,1226,71,General,Male,0
Public,3.973260245917694,1508,44,General,Male,1
Public,3.9302373928720913,1106,85,General,Female,1
Public,2.009879961868819,1578,58,General,Male,0
Private,3.903623570846478,1303,3,General,Female,1
Private,3.2782398756310007,1067,66,General,Female,0
Public,3.7358365890400442,1385,28,General,Male,1
Public,2.909479711267718,807,28,General,Male,0
Private,3.0311920571585005,1307,97,General,Male,1
Public,2.9776931605138404,1275,97,General,Male,0
Public,3.3337285150922087,1096,27,General,Female,0
Private,2.279302509512626,963,76,General,Female,0
Public,2.0599471797453557,1284,78,General,Male,0
Private,2.615859883182382,1396,86,Reserved,Female,0
Public,3.4093615254732934,871,43,General,Female,0
Private,2.4037069042458965,1366,89,General,Female,0
Private,3.3468648666498346,1358,3,General,Male,1
Private,3.9398240922145407,1037,89,General,Female,0
Public,2.187801431578837,903,8,General,Male,0
Private,3.3452042364502526,1009,4,General,Male,0
Public,2.887500438609142,1353,55,Reserved,Female,0
Public,3.736284508755011,1267,95,General,Female,1
Public,2.354299578894772,1253,83,General,Male,0
Public,3.3852519044523293,1067,49,General,Female,0
Private,3.67623057929622,1185,74,Reserved,Female,1
Private,3.8892284389480465,1574,14,General,Male,1
Public,3.3664960565792916,1186,31,Reserved,Male,1
Public,2.994349528016855,1058,27,General,Male,0
Private,3.2356944804024277,1082,21,Reserved,Male,0
Public,3.7378099689574364,1425,16,Reserved,Female,1
Private,3.141219493277659,839,58,General,Female,0
Public,2.060774119393674,1285,89,General,Male,0
Public,3.8618973910139553,1019,70,General,Male,0
Private,3.3790535020631225,928,56,General,Male,0
Public,3.353026771554493,1319,25,Reserved,Female,1
Private,2.4313503047954343,1412,24,General,Male,0
Public,3.3177709404653144,1487,9,General,Female,1
Public,2.787728811308317,1418,44,General,Male,0
Public,3.302465954082984,1412,82,Reserved,Male,1
Private,2.2131860606159814,1059,10,General,Male,0
Public,3.3156906092060723,1165,76,General,Female,1
Public,3.998827451541333,1557,52,General,Female,1
Public,2.096424077721112,1586,71,Reserved,Female,0
Public,3.9543483684426346,1343,67,General,Male,1
Private,2.813815921445741,1448,94,General,Female,0
Private,3.7415069006745183,1323,27,General,Female,1
Public,3.564770968116547,815,74,General,Male,0
Private,3.1340325219733356,928,64,General,Male,0
Public,3.4768984185026532,1374,48,Reserved,Female,1
Public,3.7570311226026956,908,46,Reserved,Female,0
Public,2.8082806433020657,1332,51,General,Female,0
Private,2.6540663231264774,1469,87,Reserved,Female,0
Private,3.3351867711271694,1068,53,General,Male,0
Private,3.6156918838825174,961,59,Reserved,Male,0
Private,3.5245702695532315,1059,56,Reserved,Male,0
Private,3.595627297717269,901,46,General,Female,0
Private,2.8711666296258658,1305,30,Reserved,Female,0
Private,3.6356684323500432,1534,45,General,Male,1
Private,2.240418110741217,1370,25,General,Male,0
Private,3.0889781959216993,1046,4,General,Female,0
Public,2.0115173209962434,1439,83,General,Female,0
Private,2.6491716598005404,1594,51,Reserved,Male,0
Private,2.732923069742796,1336,74,Reserved,Male,0
Private,2.792345383218511,930,53,General,Male,0
Private,3.3909344133797243,1152,32,Reserved,Female,1
Private,2.7771162025406912,995,49,Reserved,Female,0
Private,2.8973872452450613,1592,37,General,Female,0
Private,2.475088261748655,1465,26,General,Female,0
Private,2.74650358325868,1181,97,General,Female,0
Private,2.4545392545263027,1444,14,General,Female,0
Private,2.1463918475368873,1026,95,Reserved,Male,0
Private,3.206897186762756,1500,60,General,Male,1
Public,3.3364255971100327,1275,20,Reserved,Female,1
Public,3.2389806920192292,1276,45,General,Male,1
Private,2.9269880876011447,1064,68,General,Female,0
Private,2.7595715603584594,1171,5,General,Male,0
Public,3.7266672991436502,1285,37,General,Female,1
