employment_type,annual_income,credit_score,debt_to_income,loan_amount,gender,marital_status,loan_approved
Salaried,77605,328,0.22477309992475306,46334,Female,Married,0
Self-Employed,135616,776,0.2359748630643155,16889,Male,Single,1
Salaried,68088,617,0.4796991312089819,29335,Male,Single,0
Salaried,108752,544,0.32486992122527003,16254,Male,Single,0
Salaried,85284,571,0.48835527847759064,26074,Female,Single,0
Self-Employed,87043,739,0.13268307878219263,16442,Female,Married,1
Salaried,65547,538,0.3437855968366922,42327,Female,Single,0
Salaried,127007,676,0.11680680009164132,21199,Male,Married,1
Salaried,112844,565,0.13132660172767727,12291,Female,Married,0
Self-Employed,57532,658,0.5532187266722055,45928,Male,Married,0
Salaried,64349,639,0.1696226855587976,5112,Female,Married,1
Salaried,148012,688,0.36621034113760853,26515,Male,Married,1
Salaried,75445,302,0.3055478013003533,24581,Male,Single,0
Salaried,35713,728,0.27367166312942137,31500,Male,Single,1
Self-Employed,86178,441,0.5499166728436362,37026,Female,Single,0
Salaried,79407,675,0.11091169838774476,21523,Male,Single,1
Self-Employed,100340,623,0.4318948430877946,6424,Female,Married,0
Self-Employed,80990,445,0.5816972171067752,24552,Female,Single,0
Self-Employed,105672,592,0.38008409173092095,15808,Female,Married,0
Salaried,95545,731,0.5684112310165459,43811,Female,Married,0
Self-Employed,114791,698,0.1261289396430119,11989,Female,Single,1
Salaried,88141,643,0.30939665953708073,28620,Male,Single,1
Self-Employed,53793,439,0.23007889548102559,44029,Female,Single,0
Self-Employed,86570,486,0.4654104824903649,5887,Female,Single,0
Self-Employed,125084,360,0.5906485452486233,36802,Female,Married,0
Self-Employed,67892,679,0.2282650312221239,24488,Female,Married,1
Self-Employed,31015,739,0.42708730073703727,35013,Female,Single,0
Self-Employed,91813,618,0.19904881637987007,21402,Male,Married,1
Self-Employed,57712,601,0.38266512728580493,26205,Male,Married,1
Self-Employed,130497,643,0.33196624334416813,31049,Female,Married,1
Salaried,38415,310,0.5860026648157686,17253,Male,Single,0
Salaried,141854,361,0.40426363634823326,23990,Male,Married,0
Self-Employed,142816,525,0.27475318604340937,12846,Female,Single,0
Self-Employed,92292,452,0.1570478924439667,30027,Male,Single,0
Self-Employed,53833,609,0.17562341436746728,44200,Female,Married,1
Salaried,34158,542,0.21265846497561755,8765,Male,Married,0
Self-Employed,92680,792,0.225483330670149,20950,Male,Single,1
Salaried,50309,665,0.5253080289205689,14741,Male,Married,0
Salaried,36970,629,0.38061139414126244,27742,Female,Married,1
Salaried,102474,406,0.3616954556871832,29703,Male,Single,0
Salaried,116704,525,0.15738443593460874,43709,Male,Single,0
Salaried,76540,517,0.5300698466747175,42623,Female,Single,0
Self-Employed,50384,805,0.46140715160424184,27931,Female,Single,0
Self-Employed,48017,558,0.1338341809500008,28580,Male,Married,0
Self-Employed,105880,816,0.4539175486148843,20166,Female,Married,0
Self-Employed,135570,353,0.37176910867132307,34240,Male,Single,0
Self-Employed,38702,346,0.14086267287338913,30991,Male,Single,0
Salaried,30384,820,0.32915032076432826,43556,Female,Single,1
Self-Employed,30404,398,0.3423481435650235,37969,Female,Married,0
Self-Employed,70943,319,0.18288727008163788,15561,Female,Single,0
Salaried,77926,789,0.5728490735001411,21901,Male,Married,0
Self-Employed,59189,718,0.524987685740331,45505,Female,Single,0
Salaried,42763,361,0.4345111686645542,35020,Male,Single,0
Self-Employed,48384,444,0.3311477805003036,30917,Female,Single,0
Salaried,90100,515,0.30588277079225423,6988,Male,Married,0
Self-Employed,128142,302,0.42548673357547706,49505,Female,Married,0
Self-Employed,39860,459,0.37271593470345277,19256,Male,Married,0
Salaried,134293,419,0.1311365529409428,27192,Female,Single,0
Salaried,110642,388,0.3562513243851658,33230,Male,Married,0
Salaried,80612,628,0.5032018086164197,44930,Female,Married,0
Salaried,53574,656,0.32961993879847906,27625,Female,Single,1
Salaried,53524,566,0.1259782887771342,37088,Male,Single,0
Salaried,99172,622,0.4931390996920165,19114,Female,Married,0
Salaried,40916,840,0.2006818910679872,46167,Male,Married,1
Salaried,34809,494,0.2293104174440194,43401,Male,Married,0
Self-Employed,62201,631,0.18235317671614795,10755,Female,Married,1
Self-Employed,83330,469,0.2651075324357488,15825,Male,Single,0
Salaried,43456,820,0.47837575284431755,27693,Female,Single,0
Self-Employed,143748,762,0.35969292975196865,9117,Female,Single,1
Self-Employed,86397,339,0.20244063707535628,29729,Male,Married,0
Self-Employed,68765,836,0.5389150390760205,37182,Female,Married,0
Self-Employed,64816,560,0.5397909274757646,33890,Male,Single,0
Salaried,75106,694,0.5352892125230034,34340,Male,Single,0
Self-Employed,83932,525,0.21939810569076965,6518,Female,Married,0
Salaried,47100,423,0.32561967209049403,35949,Female,Married,0
Self-Employed,87091,337,0.5924948280704375,27547,Male,Single,0
Self-Employed,51949,627,0.4860062381549952,21346,Male,Single,0
Self-Employed,100080,550,0.11358371061277991,7600,Female,Single,0
Salaried,67744,475,0.13260229563024603,34267,Female,Married,0
Self-Employed,75543,753,0.33196568840616636,41322,Female,Married,1
Salaried,138319,336,0.5546101029307801,31990,Female,Married,0
Self-Employed,122193,615,0.3693508989763571,21193,Male,Married,1
Salaried,66187,413,0.34890625401714515,35109,Female,Married,0
Self-Employed,142734,339,0.1527368499783153,24233,Male,Married,0
Salaried,37239,600,0.428390052362147,21194,Male,Single,0
Salaried,44489,523,0.5110515803001128,39510,Female,Single,0
Self-Employed,144937,617,0.29021000375378114,6306,Male,Married,1
Salaried,88017,648,0.48780592546266377,8849,Female,Single,0
Self-Employed,91877,414,0.5822383269504058,17360,Male,Married,0
Self-Employed,73125,622,0.20188322956384455,34231,Female,Single,1
Self-Employed,79922,339,0.3616648155973706,41963,Male,Married,0
Self-Employed,124074,339,0.24356897904228778,23689,Male,Single,0
Self-Employed,62049,588,0.49642720951691965,34084,Female,Single,0
Self-Employed,67131,561,0.3887966829405788,45387,Female,Married,0
Self-Employed,72944,515,0.4172912087751519,14280,Male,Married,0
Self-Employed,145765,446,0.498957079807947,7642,Male,Single,0
Self-Employed,103963,635,0.2979852363312274,47137,Female,Single,1
Self-Employed,136884,467,0.5575450342035216,19296,Male,Married,0
Self-Employed,54285,391,0.36651443362307,20438,Female,Single,0
Salaried,67626,652,0.178977411417674,42525,Male,Married,1
Salaried,72808,662,0.44794955908440126,7994,Female,Married,0
Self-Employed,118464,644,0.4966306752191272,39039,Male,Single,0
Self-Employed,83871,469,0.25838083853376337,6813,Female,Married,0
Self-Employed,49198,655,0.5285896284993765,32491,Female,Single,0
Self-Employed,49758,490,0.5530716273828832,23845,Male,Single,0
Self-Employed,45254,721,0.23845224368890447,46243,Female,Married,1
Self-Employed,74238,306,0.5917607363576111,42164,Male,Single,0
Self-Employed,31252,432,0.1703557640243792,47051,Female,Married,0
Self-Employed,69764,330,0.201007834201245,18318,Female,Married,0
Salaried,107709,834,0.19211241961901307,22200,Female,Married,1
Self-Employed,67441,725,0.5469948550039352,5082,Male,Single,0
Salaried,122234,693,0.4271462761624809,6920,Female,Married,0
Self-Employed,83682,662,0.17605214161113644,45585,Male,Single,1
Self-Employed,89494,736,0.3201617091841745,16683,Female,Married,1
Salaried,111317,381,0.40764901253490105,16336,Male,Married,0
Self-Employed,95215,655,0.14173204249469165,20596,Male,Married,1
Salaried,108587,557,0.5412081842036693,7093,Male,Single,0
Self-Employed,135185,823,0.5018017677207676,17905,Female,Single,0
Self-Employed,36949,594,0.35260338678831915,29351,Male,Married,0
Salaried,137825,523,0.5835633076295852,35981,Female,Married,0
Self-Employed,85393,824,0.3088804896375499,13367,Male,Single,1
Salaried,103553,345,0.5920551595182489,10285,Male,Single,0
Self-Employed,36941,412,0.4339599994018135,48664,Male,Single,0
Salaried,55934,532,0.4173356366269707,42705,Male,Married,0
Salaried,53386,316,0.1829774476478925,21753,Female,Single,0
Self-Employed,91886,659,0.540963879152322,23485,Male,Married,0
Self-Employed,105745,522,0.31374484396030755,17977,Male,Single,0
Salaried,113251,747,0.18111670289123968,24874,Female,Married,1
Self-Employed,124456,664,0.10630375998787953,12674,Male,Married,1
Self-Employed,83413,625,0.37987784181919126,34038,Male,Married,1
Self-Employed,86800,766,0.3636998110613382,34315,Male,Single,1
Salaried,127239,713,0.45967681118457926,8676,Male,Single,0
Salaried,72318,754,0.545129026508901,7426,Female,Single,0
Salaried,149803,532,0.13970329232151477,29473,Female,Married,0
Salaried,100173,523,0.4657482451701812,7962,Male,Married,0
Salaried,100390,711,0.19370597204879111,34943,Female,Single,1
Salaried,82329,634,0.529088526578582,5859,Female,Married,0
Salaried,73088,521,0.5095317569308281,49816,Male,Married,0
Salaried,146868,336,0.37039687749277217,9138,Female,Married,0
Salaried,133196,577,0.45512139931165574,40192,Male,Single,0
Self-Employed,69811,495,0.25717505659187423,30640,Female,Married,0
Salaried,144825,783,0.33558394946640735,15409,Female,Single,1
Self-Employed,85479,541,0.5108184488552359,9017,Female,Single,0
Self-Employed,115392,623,0.329632598586607,15451,Male,Single,1
Self-Employed,117369,491,0.2788991326627209,33327,Female,Single,0
Salaried,147520,316,0.34710622362515,15278,Male,Single,0
Salaried,49963,823,0.5141246262186092,29944,Male,Married,0
Salaried,85123,700,0.26760402368543634,48764,Female,Single,1
Salaried,132468,321,0.1868807965678719,6134,Male,Single,0
Self-Employed,122705,773,0.45600701016539036,35131,Female,Single,0
Salaried,103477,419,0.5129891063540409,42887,Male,Married,0
Salaried,44388,509,0.15031873926176667,43462,Male,Married,0
Salaried,35569,605,0.21993705637797237,27520,Female,Married,1
Salaried,99836,569,0.17098599488049696,26869,Female,Married,0
Salaried,134573,584,0.2739707057910833,41932,Female,Single,0
Self-Employed,66586,526,0.32517548945270636,10039,Female,Single,0
Salaried,42015,680,0.47441316848165327,26281,Male,Married,0
Self-Employed,75002,759,0.42557379244083704,15442,Male,Married,0
Salaried,146594,306,0.4104642837392156,13252,Male,Married,0
Self-Employed,36254,328,0.2761874733048272,32586,Female,Married,0
Salaried,47144,332,0.52072377654238,22568,Male,Single,0
Salaried,54214,378,0.3356435836990823,25810,Female,Married,0
Self-Employed,135654,758,0.5895524690075773,6551,Male,Married,0
Self-Employed,110719,837,0.4170710691478684,17625,Female,Married,0
Self-Employed,101774,781,0.16313237078225137,39397,Male,Married,1
Salaried,36090,729,0.438088781037717,31249,Male,Married,0
Self-Employed,41637,584,0.2625520077158495,6361,Female,Married,0
Salaried,52415,815,0.44316359834304875,31149,Male,Married,0
Salaried,54071,398,0.13482057408120288,9370,Female,Single,0
Self-Employed,88243,696,0.1874407185879797,10283,Male,Single,1
Self-Employed,140951,788,0.5278686294528931,12610,Male,Single,0
Salaried,138215,338,0.21358977851175745,48326,Female,Single,0
Salaried,71240,570,0.5185205626214701,19924,Female,Single,0
Self-Employed,113807,456,0.23963804422720522,49717,Male,Single,0
Self-Employed,131570,374,0.42144095502935386,15626,Male,Married,0
Self-Employed,63434,429,0.4470752867549155,39761,Male,Married,0
Salaried,99724,383,0.35632737657252644,5869,Male,Single,0
Salaried,145359,321,0.2526553383483656,36552,Male,Married,0
Salaried,105697,758,0.20632218818554807,6014,Male,Single,1
Salaried,58732,838,0.11659467728121312,15103,Female,Married,1
Salaried,41314,681,0.2519732006203619,21986,Female,Married,1
Salaried,53954,739,0.42658139526564154,49781,Female,Married,0
Self-Employed,87108,320,0.5691524092242414,35471,Male,Married,0
Salaried,117044,602,0.535602241131526,38458,Male,Married,0
Salaried,117505,383,0.48303238826765127,30069,Male,Married,0
Salaried,141195,752,0.4942236716266494,21873,Female,Single,0
Self-Employed,133081,686,0.43249245173799766,28248,Female,Single,0
Salaried,66668,806,0.2301434287830015,28624,Male,Married,1
Salaried,53061,556,0.5535975153529149,48516,Male,Single,0
Self-Employed,109252,826,0.43536615595291706,34061,Female,Married,0
Salaried,69749,461,0.38022031549021995,29170,Female,Single,0
Salaried,134680,462,0.15549473460674054,13024,Female,Married,0
Salaried,46907,823,0.3235277719032127,21678,Male,Single,1
Salaried,48777,570,0.3301791356009631,43256,Male,Married,0
Salaried,123229,791,0.532281804761335,25411,Male,Single,0
Self-Employed,81745,507,0.3733241100938942,48803,Female,Married,0
Self-Employed,138464,838,0.2902002744852048,24296,Female,Single,1
Self-Employed,121865,359,0.5884001642553297,31293,Male,Married,0
Salaried,142428,729,0.15536029666315784,32172,Male,Married,1
Salaried,111818,608,0.31127421415597234,26128,Female,Married,1
Salaried,53624,819,0.12101233758570265,23257,Male,Single,1
Self-Employed,53321,326,0.46995206038346515,17855,Female,Single,0
Salaried,40488,498,0.5590382760995753,24642,Female,Single,0
Salaried,52574,686,0.24001866477524472,40585,Male,Married,1
Self-Employed,35240,648,0.5291708383995605,25025,Female,Single,0
Salaried,73221,835,0.2461091152309489,9458,Male,Married,1
Self-Employed,40478,677,0.5553850808219576,10307,Female,Single,0
Self-Employed,85645,826,0.47698095179839195,46701,Female,Single,0
Self-Employed,140698,452,0.5024533884207193,23425,Male,Single,0
Salaried,49262,505,0.10900327780022726,48427,Female,Single,0
Salaried,148831,754,0.581405178537013,33273,Male,Married,0
Salaried,82796,572,0.46333549603516166,43506,Male,Single,0
Salaried,34432,535,0.2523755476930667,10668,Female,Single,0
Salaried,125257,820,0.5146973324294235,30934,Male,Married,0
Salaried,94291,800,0.24076059920746498,12697,Male,Married,1
Salaried,109104,416,0.536376919783064,29417,Male,Single,0
Self-Employed,89399,685,0.1562901952059685,21446,Male,Single,1
Salaried,109714,643,0.45184298873039785,45597,Male,Married,0
Self-Employed,80428,694,0.37034923832245514,15751,Male,Married,1
Salaried,117731,363,0.1482672350977204,12352,Female,Married,0
Salaried,30302,371,0.2209469141294195,18516,Male,Single,0
Salaried,112558,573,0.1062020181386574,28299,Female,Single,0
Self-Employed,30055,619,0.3343839827322529,36957,Female,Single,1
Self-Employed,141317,637,0.25063263038000017,33927,Male,Married,1
Self-Employed,38717,665,0.3991787421488794,46094,Female,Married,1
Self-Employed,58699,794,0.2486189038543086,41412,Female,Married,1
Salaried,103686,465,0.24995955575349235,34493,Male,Single,0
Self-Employed,97661,843,0.47159659936580167,31711,Male,Married,0
Salaried,74247,310,0.12407141798917673,13003,Male,Single,0
Salaried,144049,600,0.5514474975959937,36707,Female,Married,0
Self-Employed,46748,401,0.5261319371955907,8278,Female,Single,0
Self-Employed,135113,724,0.4339023416132033,12296,Male,Single,0
Self-Employed,34621,691,0.3966107850536922,30398,Male,Married,1
Self-Employed,45034,513,0.5461512490698262,40842,Female,Single,0
Self-Employed,141927,387,0.19266508976435723,18261,Female,Married,0
Self-Employed,35126,700,0.1394845810954143,16173,Female,Single,1
Self-Employed,35122,345,0.21975508495476906,35449,Female,Married,0
Self-Employed,48030,762,0.4972891393500951,46080,Male,Married,0
Salaried,112838,609,0.11733513336324167,6637,Female,Single,1
Self-Employed,114717,385,0.3914034175417448,36781,Female,Married,0
Self-Employed,85658,391,0.597718758095655,18652,Female,Single,0
Salaried,68638,541,0.5278480469187697,10103,Female,Married,0
Self-Employed,97067,301,0.3607228445217947,30500,Male,Married,0
Salaried,136476,524,0.13182045464332118,39800,Male,Married,0
Salaried,148033,415,0.515686757192855,40529,Female,Married,0
Self-Employed,135977,402,0.39948925408860525,23452,Female,Single,0
Salaried,118869,493,0.15746649852978342,36174,Male,Married,0
Salaried,135186,465,0.1469286424116781,40436,Male,Married,0
Salaried,64674,389,0.5548134097182962,20954,Female,Single,0
Salaried,65854,421,0.4346001314690392,22186,Female,Single,0
Self-Employed,76271,442,0.5146433996583778,17356,Male,Single,0
Salaried,103688,405,0.5394894501411337,37963,Male,Single,0
Self-Employed,68518,727,0.3858861760241611,7187,Male,Single,1
Salaried,141076,604,0.3587231758775207,16707,Male,Single,1
Salaried,40267,616,0.3152137051604951,40098,Male,Married,1
Salaried,120825,308,0.2584732938955596,31935,Male,Single,0
Salaried,31062,372,0.31729798042935586,26225,Female,Married,0
Self-Employed,146664,658,0.48693982786507817,8606,Male,Single,0
Self-Employed,80448,522,0.40096171550756576,37828,Male,Married,0
Salaried,125462,715,0.546261644977423,31489,Male,Married,0
Salaried,36229,669,0.32169000718959384,19387,Male,Married,1
Self-Employed,86793,563,0.403544789359377,8927,Female,Single,0
Salaried,144813,617,0.41565377654599434,11296,Female,Single,0
Salaried,77915,383,0.3958485811531628,35444,Male,Single,0
Salaried,34632,617,0.45131688654275814,7591,Female,Single,0
Self-Employed,134592,410,0.21871673418740314,49895,Female,Married,0
Self-Employed,33596,550,0.35618188877289536,31147,Female,Single,0
Self-Employed,139779,682,0.15211240140417384,43889,Female,Married,1
Salaried,36168,306,0.2922556638224063,6200,Female,Married,0
Salaried,138099,758,0.34383353431063224,20721,Female,Single,1
Self-Employed,37561,383,0.42611212977273627,24238,Male,Single,0
Self-Employed,103794,507,0.5752655262931018,16087,Male,Single,0
Self-Employed,112152,689,0.40032553327417797,35816,Male,Married,0
Self-Employed,56734,613,0.4717969580882799,28408,Male,Single,0
Salaried,36371,321,0.3531330297476014,44740,Male,Married,0
Self-Employed,148894,709,0.41705201568816563,5136,Female,Single,0
Salaried,56069,814,0.13546610806688672,22413,Male,Married,1
Self-Employed,109905,426,0.2271957904209235,23978,Male,Single,0
Salaried,42910,313,0.2809265466025693,5661,Female,Single,0
Self-Employed,103479,311,0.33624667750325676,40240,Female,Married,0
Self-Employed,107735,386,0.12282437275119187,32253,Male,Single,0
Self-Employed,111264,823,0.17001204877665885,31884,Female,Single,1
Self-Employed,53275,836,0.2384071538956529,37854,Female,Single,1
Salaried,102274,600,0.5857663454505253,15704,Female,Single,0
Self-Employed,111449,542,0.2656735035515254,43987,Female,Single,0
Salaried,130776,421,0.3410205290560413,29527,Male,Single,0
Salaried,90004,446,0.19804885636919647,21322,Female,Single,0
Salaried,92981,655,0.4053900355378841,11968,Male,Married,0
Salaried,114659,608,0.24034160775798716,32518,Male,Married,1
Self-Employed,84553,587,0.2034962892192134,32886,Female,Single,0
Salaried,78447,606,0.3582863142229895,6700,Female,Single,1
Salaried,64529,848,0.10275289958021042,33246,Female,Single,1
Salaried,105703,651,0.10383201632461267,40468,Male,Married,1
Self-Employed,106090,611,0.2095344045509289,28199,Female,Married,1
Self-Employed,47260,358,0.11836068125041058,49589,Female,Single,0
Self-Employed,142581,334,0.1540128770653457,37115,Female,Married,0
Self-Employed,33812,744,0.2694303246693758,10520,Female,Single,1
Salaried,58024,392,0.5012928397899065,49278,Female,Single,0
Salaried,88656,506,0.3860243216846504,41455,Male,Single,0
Self-Employed,146148,652,0.35633386297820824,25929,Female,Single,1
Salaried,57285,631,0.24674441160406083,46605,Female,Married,1
Salaried,122436,458,0.5658768597164082,19955,Female,Married,0
Salaried,146421,323,0.29850752061859587,49049,Male,Single,0
Self-Employed,31605,703,0.14354638339788575,18917,Female,Married,1
Self-Employed,101158,815,0.4085332580589006,9757,Male,Married,0
Salaried,102303,663,0.1569191967383007,18045,Male,Single,1
Self-Employed,57139,681,0.272611571400846,46680,Female,Married,1
Self-Employed,107149,831,0.3537059693589044,9733,Female,Single,1
Self-Employed,86138,451,0.5371112623425879,35954,Female,Single,0
Self-Employed,148205,719,0.3467732901700593,36135,Male,Single,1
Self-Employed,106125,549,0.45112938301583216,12081,Male,Single,0
Salaried,43918,416,0.5964084194995352,46458,Male,Married,0
Self-Employed,115655,811,0.16574455994899082,28501,Male,Single,1
Salaried,57446,634,0.23736576275975976,26113,Male,Married,1
Salaried,43046,717,0.2972880377988232,39441,Male,Single,1
Self-Employed,54818,594,0.31091408926941566,29690,Female,Single,0
Salaried,130894,670,0.3055105376327729,48939,Female,Married,1
Salaried,145751,485,0.5538055012782774,34345,Male,Single,0
Salaried,34324,545,0.45701632223342825,49571,Female,Married,0
Self-Employed,106323,567,0.40395260704535185,31829,Female,Married,0
Self-Employed,39111,536,0.254686358931391,40062,Male,Single,0
Salaried,68110,829,0.5118951921106474,8630,Male,Single,0
Self-Employed,46389,320,0.5775302557424945,36870,Female,Single,0
Self-Employed,71427,819,0.5105991412751133,49942,Male,Single,0
Self-Employed,109579,399,0.10078255259573646,8453,Male,Single,0
Self-Employed,58746,777,0.4182006850917035,42275,Female,Single,0
Salaried,117886,597,0.12556769072105037,48370,Male,Married,0
Salaried,137141,825,0.22880361016686093,43396,Female,Married,1
Self-Employed,30117,633,0.12976235017388585,13328,Female,Single,1
Self-Employed,142221,301,0.4018977264746939,20534,Female,Married,0
Salaried,114471,674,0.44329495674630337,24744,Female,Married,0
Salaried,142613,592,0.15724381903295256,24389,Female,Single,0
Self-Employed,43234,617,0.2919194415224897,41320,Male,Single,1
Salaried,133864,801,0.328118254477771,40010,Male,Married,1
Self-Employed,83441,680,0.2845265108804583,19665,Male,Single,1
Self-Employed,30846,313,0.16051250024259653,42865,Male,Married,0
Salaried,40954,803,0.3094738950937377,13640,Female,Single,1
Salaried,109239,530,0.4755890239042091,39716,Female,Married,0
Self-Employed,143689,383,0.13550383226662774,30521,Male,Married,0
Self-Employed,76514,429,0.14009000704095173,35049,Female,Married,0
Salaried,118236,444,0.2773856459179921,10618,Male,Married,0
Self-Employed,127579,327,0.5708628558094625,42004,Male,Single,0
Salaried,36469,365,0.434286323361457,6920,Male,Single,0
Self-Employed,60105,462,0.43933497833628243,48937,Female,Married,0
Salaried,72101,528,0.28095999541893246,9188,Female,Married,0
Salaried,94323,560,0.39683039560426925,17207,Female,Single,0
Salaried,121922,748,0.1050655920138717,5238,Female,Single,1
Self-Employed,88067,723,0.4180480232047711,37972,Male,Married,0
Self-Employed,79376,759,0.5566434737881184,15799,Female,Married,0
Salaried,75587,600,0.40628673417240957,10552,Female,Married,0
Self-Employed,66976,602,0.5368492967331725,33916,Female,Married,0
Salaried,134587,586,0.46198652773304694,9927,Male,Married,0
Salaried,97584,694,0.16027920820184513,32964,Male,Single,1
Self-Employed,134537,309,0.5512266536429209,16164,Female,Married,0
Self-Employed,108477,569,0.13322192217788745,42158,Female,Single,0
Salaried,140911,660,0.3669837362738819,24071,Female,Single,1
Self-Employed,72533,556,0.17106856189672884,11160,Female,Single,0
Self-Employed,31828,432,0.10585330536545204,20810,Male,Married,0
Salaried,31917,575,0.3110171300638195,10126,Female,Single,0
Salaried,50618,812,0.24752035382707813,35009,Female,Single,1
Self-Employed,62254,612,0.3430002468988015,38584,Female,Single,1
Salaried,135292,583,0.38859994336727544,30396,Male,Single,0
Salaried,146714,420,0.12186953615447368,5192,Male,Married,0
Self-Employed,77362,406,0.16150164756187282,41413,Female,Married,0
Salaried,50128,503,0.3793211982252127,17816,Female,Single,0
Salaried,141281,464,0.2715836765863291,44082,Female,Single,0
Self-Employed,89383,604,0.464586743774724,37130,Female,Married,0
Self-Employed,95545,796,0.4261458242959698,45142,Female,Married,0
Salaried,112180,455,0.5228021814949534,41468,Male,Married,0
Salaried,117958,666,0.4462464133346127,35698,Male,Single,0
Self-Employed,39865,550,0.31496553869507404,15655,Male,Married,0
Self-Employed,32219,633,0.4364833111972162,35075,Female,Single,0
Self-Employed,69809,810,0.23769058712770927,14359,Male,Single,1
Self-Employed,146748,592,0.2531567493891064,41661,Male,Married,0
Salaried,35287,319,0.49449257996039664,44579,Male,Single,0
Self-Employed,64387,581,0.3232097582007911,47056,Female,Married,0
Self-Employed,38512,300,0.4991901702591762,38272,Female,Single,0
Salaried,31342,418,0.5112111868341392,47581,Male,Married,0
Self-Employed,93076,334,0.5287811688306419,19671,Female,Single,0
Salaried,138872,497,0.5583176179206036,32048,Male,Single,0
Self-Employed,49216,784,0.3154926102566481,15738,Male,Married,1
Self-Employed,147512,358,0.25943340916056945,30963,Male,Married,0
Self-Employed,146682,460,0.3910993732970569,48954,Male,Married,0
Salaried,123070,505,0.2855862117188138,11773,Female,Married,0
Salaried,109767,311,0.4005370834001165,41584,Female,Single,0
Self-Employed,127829,789,0.45279293132191234,34894,Female,Married,0
Salaried,56614,575,0.4442025092460684,5717,Female,Married,0
Salaried,66258,541,0.28727644351006065,16676,Male,Single,0
Salaried,123789,515,0.18343010084937642,9434,Female,Married,0
Salaried,72078,550,0.31526466923110374,42825,Male,Married,0
Salaried,136288,425,0.17129707204095437,34100,Female,Single,0
Salaried,113524,516,0.5450485175919042,9994,Female,Married,0
Self-Employed,126573,605,0.2729387303689287,9234,Female,Married,1
Self-Employed,42219,484,0.1772298736116619,8764,Male,Married,0
Salaried,30235,338,0.11272387995287544,48949,Male,Married,0
Self-Employed,72929,522,0.4229111931432421,42405,Male,Married,0
Self-Employed,97444,483,0.4184511587273716,39872,Male,Married,0
Self-Employed,38567,794,0.27030208329064587,47215,Female,Single,1
Self-Employed,131834,726,0.1358559444238255,28185,Male,Married,1
Salaried,100792,477,0.304814447447616,48442,Male,Single,0
Self-Employed,95441,727,0.2556087475316968,46153,Female,Single,1
Self-Employed,114555,593,0.43856031986750466,16999,Female,Single,0
Salaried,103698,450,0.40288962472634515,41487,Male,Single,0
Salaried,147248,683,0.28229686409877,7581,Female,Married,1
Self-Employed,35415,607,0.20894627712749506,7763,Male,Married,1
Self-Employed,66159,635,0.594017983077796,32374,Female,Married,0
Self-Employed,73925,674,0.3270008105980574,43759,Male,Single,1
Self-Employed,35951,307,0.44413711789011856,15531,Male,Married,0
Self-Employed,117388,640,0.1702764837891804,30307,Male,Married,1
Self-Employed,38007,428,0.3427948498296989,35835,Male,Married,0
Salaried,71832,651,0.11376835993473275,16064,Male,Single,1
Self-Employed,88596,657,0.352727558955225,16312,Female,Single,1
Self-Employed,60523,816,0.5820087035588511,42548,Male,Married,0
Salaried,118861,794,0.2921033564929001,41945,Male,Single,1
Salaried,116740,385,0.1194980062874558,11476,Male,Single,0
Salaried,45524,474,0.11547789545967177,29565,Male,Married,0
Salaried,49282,492,0.2939933799734348,7382,Male,Single,0
Self-Employed,53930,610,0.18001246823159703,27463,Female,Single,1
Self-Employed,30077,418,0.11167604816409296,38402,Female,Married,0
Self-Employed,135881,517,0.47810680697508845,31345,Male,Single,0
Self-Employed,50611,726,0.3292615044409454,49764,Female,Single,1
Self-Employed,46984,713,0.24462238598632727,31946,Male,Single,1
Self-Employed,44060,413,0.5500415915082404,19162,Female,Single,0
Salaried,112985,444,0.1580694801002628,13397,Female,Single,0
Self-Employed,114056,837,0.5779594144776596,27335,Male,Single,0
Salaried,73303,602,0.2569833586886764,19394,Female,Single,1
Salaried,89207,644,0.5442018361543406,32197,Female,Single,0
Self-Employed,105046,300,0.40147143823973075,27010,Male,Married,0
Salaried,59287,446,0.5133536798707438,29123,Male,Married,0
Self-Employed,123709,586,0.5920065816052321,27387,Female,Married,0
Salaried,69711,352,0.24420271890937287,7890,Female,Married,0
Self-Employed,41954,603,0.5805677427037965,32769,Female,Single,0
Salaried,103340,368,0.29474094745121016,48626,Male,Married,0
Self-Employed,102101,660,0.2927559523684612,13026,Female,Married,1
Self-Employed,101520,519,0.2701935521272528,8306,Female,Single,0
Self-Employed,117062,460,0.37070380367379263,38665,Female,Single,0
Self-Employed,132974,388,0.17707252158924355,14277,Male,Single,0
Self-Employed,48574,458,0.37685574267900557,47239,Male,Single,0
Salaried,39184,788,0.37085240620500204,19683,Male,Single,1
Salaried,49096,623,0.480950906302435,5670,Male,Married,0
Salaried,97728,680,0.5168249809687928,28675,Female,Single,0
Self-Employed,64016,401,0.320220675156212,22889,Male,Married,0
Salaried,41246,793,0.2511666246757469,49535,Female,Married,1
Self-Employed,75558,318,0.22966744865854724,18006,Female,Single,0
Self-Employed,148721,753,0.19731191835243597,31531,Female,Married,1
Salaried,48381,781,0.12882379109951245,26639,Female,Married,1
Salaried,66455,696,0.2712239894173567,21633,Male,Single,1
Self-Employed,122263,578,0.23512384606539163,39660,Male,Married,0
Salaried,34018,664,0.5832086929332037,8439,Male,Married,0
Self-Employed,41302,630,0.378854413125022,37172,Male,Married,1
Self-Employed,97506,643,0.27363851951525375,40622,Male,Single,1
Self-Employed,71157,754,0.39023380049684797,16577,Female,Single,1
Self-Employed,84917,364,0.16959835067284776,16763,Male,Single,0
Self-Employed,122738,375,0.32202187460110143,25176,Male,Married,0
Salaried,126646,442,0.41311716071053195,49386,Male,Single,0
Salaried,113122,772,0.3444489158962257,29255,Male,Married,1
Self-Employed,54519,716,0.30088940032716216,46003,Female,Single,1
Self-Employed,126809,604,0.5969241944498491,24996,Female,Married,0
Salaried,117487,796,0.5401573810744635,40386,Female,Single,0
Salaried,86819,590,0.4117029790797201,26062,Female,Single,0
Self-Employed,110910,401,0.38468868059114136,40931,Female,Married,0
Salaried,101324,566,0.410330239912292,40710,Male,Single,0
Self-Employed,35408,302,0.20065605391121663,39693,Female,Married,0
Salaried,89379,384,0.2975688716321593,40740,Female,Single,0
Self-Employed,55053,627,0.11972976644544966,16705,Female,Single,1
Salaried,39446,749,0.33777301874341337,48408,Male,Married,1
Self-Employed,30922,753,0.3715122919788316,33047,Male,Married,1
Salaried,128723,520,0.2138748680516048,15966,Female,Married,0
Salaried,81356,453,0.5820144235827569,22374,Male,Single,0
Self-Employed,40789,311,0.554727305468621,16138,Male,Married,0
Salaried,127720,432,0.4610716177279529,20935,Female,Single,0
Self-Employed,96656,603,0.36669331438268127,5489,Male,Married,1
Salaried,74028,592,0.5349845798238425,49516,Male,Married,0
Self-Employed,94484,599,0.16532617191173146,27260,Male,Married,0
Salaried,62154,342,0.49525489713744253,31069,Female,Married,0
Self-Employed,112870,642,0.16241040698342415,24275,Female,Married,1
Salaried,32336,625,0.4971053312747027,41284,Female,Married,0
Self-Employed,133677,797,0.23788378412567848,44178,Male,Single,1
Salaried,97779,663,0.5385452905090945,37821,Female,Married,0
Self-Employed,49029,726,0.572021046912699,21999,Male,Single,0
Self-Employed,89201,320,0.17439798470255782,43712,Male,Married,0
Self-Employed,62265,706,0.33133780253269673,45172,Male,Married,1
Salaried,132916,635,0.5904936890813426,38722,Female,Married,0
Self-Employed,142250,416,0.3417037179865733,15625,Female,Single,0
Salaried,146553,423,0.5317737612572726,6629,Female,Single,0
Self-Employed,73872,698,0.3943657610656599,15973,Female,Married,1
Salaried,76197,350,0.28766495395980096,11859,Male,Single,0
Self-Employed,85180,623,0.2428917777629351,46609,Female,Married,1
Salaried,53710,440,0.20161154554304364,48307,Male,Married,0
Salaried,59486,769,0.4808990956888486,41046,Female,Single,0
Self-Employed,101907,633,0.2932702534115139,26839,Female,Single,1
Salaried,101895,672,0.35563773110037555,32216,Female,Single,1
Salaried,94435,793,0.346162740000591,23945,Male,Single,1
Self-Employed,70631,838,0.38863951461656565,11539,Male,Married,1
Salaried,131532,455,0.5327885728122761,38625,Male,Single,0
Salaried,50103,590,0.5903696717917147,9886,Male,Single,0
Salaried,94772,443,0.3037921042869085,12485,Male,Married,0
Self-Employed,44382,405,0.5137594610531515,36455,Female,Single,0
Salaried,114291,719,0.48226389732735886,21767,Male,Single,0
Self-Employed,131195,301,0.3867644757277866,33453,Male,Single,0
Salaried,33756,389,0.5780235718059665,15744,Male,Single,0
Salaried,50609,644,0.2002372577642014,42102,Male,Married,1
Salaried,144074,649,0.1546321051548107,17226,Female,Married,1
Self-Employed,46478,758,0.526980983477711,32869,Male,Single,0
Salaried,130978,562,0.3195749083168742,27588,Female,Single,0
Salaried,69666,650,0.5234844271035303,18440,Female,Married,0
Self-Employed,105683,407,0.5465451025977075,36709,Female,Single,0
Salaried,129097,338,0.13122879680953572,27495,Male,Single,0
Self-Employed,130420,458,0.5417323814930304,42019,Female,Single,0
Self-Employed,101315,611,0.3241595276847111,49948,Male,Single,1
Salaried,107834,540,0.3552162445021161,5922,Male,Single,0
Self-Employed,44153,744,0.4132962555466051,32526,Male,Single,0
Salaried,139415,597,0.5631913033650434,12957,Male,Single,0
Self-Employed,106325,335,0.10955804721488202,38998,Male,Single,0
Self-Employed,139701,383,0.3384217341589085,48395,Female,Single,0
Salaried,42999,751,0.44386102121528037,29031,Female,Married,0
Self-Employed,85318,684,0.46135347884911426,15006,Male,Married,0
Self-Employed,30814,471,0.44626621576855396,42701,Female,Married,0
Self-Employed,145033,675,0.16721756470406093,30939,Male,Single,1
Self-Employed,106077,661,0.24969779418584062,25324,Female,Single,1
Self-Employed,120474,440,0.27935776270850676,27867,Female,Married,0
Salaried,32443,417,0.5022186038397525,5203,Female,Single,0
Self-Employed,105993,576,0.23937993620727652,21544,Female,Married,0
Salaried,105916,519,0.2053524819336016,20899,Female,Single,0
Self-Employed,103319,325,0.5787240095190481,34063,Male,Married,0
Salaried,139777,820,0.10443164255673446,30344,Male,Married,1
Salaried,47368,309,0.5989104278409891,8748,Female,Married,0
Self-Employed,45328,677,0.4384106494286978,44486,Male,Single,0
Self-Employed,86942,451,0.5142346497245586,6093,Female,Married,0
Self-Employed,121751,348,0.2473096981730966,20228,Male,Single,0
Salaried,129131,453,0.10715763883353,25884,Female,Single,0
Self-Employed,57306,592,0.468934759280765,30183,Female,Single,0
Salaried,115451,349,0.5170722985003379,21034,Female,Single,0
Salaried,69915,830,0.47023806597675954,10710,Male,Single,0
Salaried,67219,359,0.1714251436504193,47500,Male,Single,0
Self-Employed,110879,466,0.4767139611284845,24259,Female,Single,0
Self-Employed,141939,501,0.48446139105382047,40959,Female,Married,0
Salaried,94644,445,0.4292702578350275,38457,Male,Married,0
Salaried,90279,738,0.4830579663977931,25143,Male,Married,0
Self-Employed,83028,541,0.522960719838866,7103,Male,Single,0
Salaried,134263,782,0.4068020571187292,5365,Male,Single,0
Self-Employed,30126,407,0.14430235698483954,49535,Male,Single,0
Salaried,82329,525,0.3438139048336054,21103,Female,Single,0
Self-Employed,57632,731,0.13882466733580254,37510,Male,Married,1
Salaried,137099,718,0.3037715155162154,29476,Female,Single,1
Self-Employed,95310,754,0.30355324456281385,17742,Female,Married,1
Salaried,139945,459,0.1330049220701208,17391,Male,Single,0
Self-Employed,85176,822,0.2744102669847397,41940,Male,Married,1
Self-Employed,149797,376,0.15549904939565742,33901,Female,Single,0
Salaried,116066,808,0.5041176050046111,37001,Male,Married,0
Salaried,135500,740,0.5738440129822354,20623,Female,Single,0
Self-Employed,74327,553,0.1361582376289693,7378,Male,Married,0
Salaried,98904,619,0.5775576036458507,26372,Male,Single,0
Self-Employed,33797,562,0.3612882996683726,49799,Male,Married,0
Salaried,77882,673,0.24978283897693696,43437,Female,Married,1
Self-Employed,43718,466,0.13843103763808176,40503,Male,Single,0
Self-Employed,64560,758,0.3503121340352089,35746,Female,Married,1
Self-Employed,106589,579,0.4972577722453744,32923,Male,Single,0
Self-Employed,52116,601,0.4535432386333491,14867,Female,Single,0
Self-Employed,66244,830,0.1251130057319869,46258,Male,Single,1
Self-Employed,131721,517,0.13645091768395176,38724,Female,Married,0
Salaried,31645,401,0.30143664131631853,14306,Female,Married,0
Salaried,77523,587,0.24764524702397164,44391,Female,Single,0
Salaried,147718,466,0.21619216152802392,19908,Female,Single,0
Self-Employed,49256,335,0.2405022494543568,32081,Female,Married,0
Self-Employed,131376,652,0.5017413716484423,42228,Female,Married,0
Self-Employed,130158,372,0.564614026815927,28386,Male,Married,0
Self-Employed,83173,652,0.3025513472637832,33302,Female,Single,1
Salaried,67430,369,0.5530555010662486,24212,Female,Single,0
Salaried,69282,724,0.260747850623941,40618,Female,Single,1
Self-Employed,149719,816,0.3382184931718958,15698,Male,Single,1
Salaried,93374,727,0.21301449890799987,9594,Male,Single,1
Salaried,98244,838,0.42023802108792196,30525,Male,Married,0
Self-Employed,41694,459,0.5894905575874044,19282,Female,Single,0
Salaried,86264,448,0.4017465480216893,19334,Male,Married,0
Self-Employed,105060,529,0.2789070420567744,34179,Male,Married,0
Salaried,127416,366,0.42390872299526416,11644,Female,Single,0
Self-Employed,87545,680,0.1614603392326938,40618,Female,Married,1
Self-Employed,148195,357,0.5443295401326993,37933,Male,Single,0
Self-Employed,69224,558,0.35154197538991816,48469,Female,Married,0
Self-Employed,132516,641,0.32467487101982107,38687,Female,Single,1
Salaried,127945,429,0.39293239422675963,46073,Female,Single,0
Self-Employed,43224,471,0.4123919313947012,22375,Female,Married,0
Self-Employed,70738,508,0.13588790311325652,35926,Male,Single,0
Self-Employed,55150,653,0.44130861061170124,41607,Female,Married,0
Salaried,93731,770,0.2209658401577648,22642,Male,Single,1
Self-Employed,79688,415,0.45697631625329493,28993,Male,Single,0
Salaried,129929,563,0.5112673971920983,49386,Male,Single,0
Self-Employed,138618,741,0.5019792537762602,26188,Male,Married,0
Salaried,103509,847,0.37625048370394454,37596,Female,Married,1
Salaried,38577,752,0.36008494615537556,32772,Female,Single,1
Self-Employed,38070,776,0.17143798066970586,35857,Female,Married,1
Salaried,38666,586,0.4876730752015678,15776,Male,Single,0
Self-Employed,87761,602,0.2357046902233572,37835,Male,Married,1
Self-Employed,66368,610,0.34834771140897325,14788,Male,Married,1
Self-Employed,36783,507,0.24213704646375836,10660,Female,Single,0
Salaried,141530,745,0.16691418149984658,9478,Male,Single,1
Salaried,71914,354,0.4147788484458683,13210,Female,Single,0
Self-Employed,100507,311,0.12716601741145192,15922,Female,Single,0
Self-Employed,109026,699,0.47432261706309997,41289,Female,Single,0
Salaried,145893,814,0.2587933976305583,38340,Female,Married,1
Self-Employed,141255,841,0.10006734650224267,44850,Male,Married,1
Self-Employed,140616,536,0.35556456961861493,43163,Female,Single,0
Self-Employed,97526,578,0.12342595426380157,23642,Male,Single,0
Salaried,100835,647,0.23808477891044974,16094,Female,Single,1
Salaried,75765,403,0.4534882437278581,27423,Male,Married,0
Salaried,49956,816,0.13134481081093294,38418,Male,Single,1
Self-Employed,117895,547,0.5196692461780011,10741,Female,Single,0
Self-Employed,76240,663,0.10190996132929156,11838,Female,Married,1
Self-Employed,67148,620,0.22341193460095113,8262,Female,Married,1
Salaried,124270,585,0.4704520280760357,9996,Male,Married,0
Self-Employed,34757,448,0.25813507486465337,49594,Female,Married,0
Self-Employed,49097,383,0.15094619403300677,27164,Female,Single,0
Self-Employed,40395,705,0.28011695940021397,40595,Male,Married,1
Self-Employed,46241,755,0.23519664319226277,35257,Female,Married,1
Salaried,133892,460,0.5213559510802774,19211,Male,Single,0
Salaried,57696,759,0.2566739587925716,35453,Female,Single,1
Self-Employed,145654,849,0.49446623588800365,10232,Male,Single,0
Salaried,100480,799,0.5459360724053673,7217,Male,Married,0
Salaried,76163,808,0.3169087097882648,29229,Female,Single,1
Self-Employed,49816,780,0.554971571927196,19232,Male,Married,0
Self-Employed,79840,413,0.2886590269815964,30613,Female,Married,0
Salaried,132547,660,0.5820392082450541,19026,Female,Married,0
Self-Employed,82853,640,0.14464476226278647,33554,Male,Single,1
Salaried,54917,748,0.4435096332516214,35908,Female,Married,0
Self-Employed,126731,479,0.3469070202284643,24610,Male,Single,0
Salaried,51566,706,0.2938244027278235,44605,Male,Single,1
Self-Employed,105452,495,0.4163559393743005,12031,Male,Single,0
Salaried,92823,765,0.4519285458171656,30515,Male,Married,0
Salaried,50806,610,0.10218163482515455,41484,Male,Married,1
Salaried,105520,561,0.18347654437359937,41182,Male,Married,0
Self-Employed,31759,718,0.4565230253171594,5570,Male,Single,0
Salaried,71949,705,0.43319270678910327,37254,Male,Married,0
Salaried,122374,442,0.5830237525643386,24288,Female,Married,0
Self-Employed,32482,641,0.4805188951253915,18288,Female,Married,0
Self-Employed,54442,615,0.575386353865669,34877,Male,Married,0
Salaried,63719,400,0.45127025076740346,23889,Female,Married,0
Salaried,88066,543,0.24902610431972158,5917,Female,Single,0
Self-Employed,123501,789,0.15268246112542824,15066,Female,Single,1
Self-Employed,32079,311,0.4909119316724678,34504,Female,Single,0
Self-Employed,32717,538,0.42207461073795793,11982,Female,Single,0
Self-Employed,89676,341,0.12409300619664812,44104,Female,Married,0
Self-Employed,57952,728,0.2800252329504892,23062,Male,Single,1
Salaried,116444,457,0.5783999077421431,21999,Female,Married,0
Self-Employed,72460,515,0.35020057285510064,14941,Female,Single,0
Salaried,120397,761,0.31636456800985235,28470,Female,Single,1
Salaried,102847,433,0.328849802579647,26133,Female,Single,0
Salaried,123607,366,0.20444136200258187,49435,Male,Married,0
Self-Employed,119106,306,0.28435358543239764,9529,Male,Married,0
Salaried,48449,825,0.28490662799358835,22519,Male,Single,1
Salaried,63536,372,0.1261775100937362,17192,Male,Married,0
Self-Employed,94077,698,0.4837838142589591,13566,Female,Single,0
Salaried,68258,704,0.3082522159519395,12226,Male,Single,1
Salaried,78302,429,0.5110899434082117,42930,Male,Single,0
Self-Employed,58865,765,0.5251740005599477,26259,Male,Married,0
Salaried,36645,505,0.20599702734932904,39087,Male,Single,0
Salaried,149771,565,0.42867674108506426,6141,Female,Single,0
Salaried,68000,836,0.33614090208149083,9627,Male,Single,1
Self-Employed,56737,552,0.5400783689607426,7690,Female,Married,0
Self-Employed,41485,588,0.20787033958822707,45091,Male,Single,0
Self-Employed,68565,463,0.43890660015502214,8255,Female,Married,0
Salaried,55522,394,0.4038760611263613,10213,Female,Single,0
Salaried,149614,409,0.2476507387859164,41876,Male,Married,0
Self-Employed,95155,635,0.1683004518255863,24404,Male,Single,1
Salaried,85168,537,0.42581988023863826,30380,Male,Single,0
Salaried,82487,680,0.4692987290661653,30520,Male,Married,0
Self-Employed,42342,735,0.25781367188167503,24173,Female,Married,1
Self-Employed,70806,782,0.4224163020111569,28989,Female,Single,0
Salaried,78770,324,0.2975654538057516,47570,Male,Married,0
Salaried,108623,416,0.45660344164130884,29519,Male,Single,0
Salaried,133177,781,0.19960763744702656,27439,Female,Single,1
Self-Employed,129785,691,0.5451075013180872,16413,Male,Single,0
Self-Employed,105629,836,0.24370479823278987,19995,Female,Married,1
Self-Employed,82603,378,0.2838929938780764,28559,Male,Single,0
Self-Employed,142726,472,0.1290459760401749,28513,Female,Married,0
Salaried,111974,311,0.1557561061606382,10021,Female,Single,0
Self-Employed,135947,427,0.35793095135616404,37464,Female,Married,0
Self-Employed,56399,391,0.23379633836398575,26119,Female,Married,0
Self-Employed,115382,842,0.5177401128710972,34299,Female,Single,0
Self-Employed,111244,831,0.10734669432747693,44350,Male,Married,1
Self-Employed,139575,746,0.28954702433596813,30517,Female,Single,1
Salaried,145520,689,0.2686727733845463,18117,Male,Single,1
Salaried,140904,342,0.10966381545880052,27250,Female,Single,0
Self-Employed,106534,553,0.16218419950025512,23950,Female,Single,0
Salaried,85106,429,0.3068213374593176,22359,Male,Single,0
Self-Employed,142599,359,0.3464322922237233,28596,Male,Married,0
Self-Employed,60678,766,0.3021448736274346,30530,Male,Single,1
Salaried,106218,586,0.3654688392060469,6262,Male,Married,0
Salaried,93230,816,0.3975658374528408,45150,Female,Married,1
Self-Employed,144684,766,0.10496191056391782,27615,Male,Single,1
Self-Employed,104055,644,0.3320475797267519,8327,Female,Married,1
Self-Employed,86373,681,0.5817496204437942,34768,Male,Single,0
Salaried,61480,552,0.3595161400647744,33850,Male,Married,0
Self-Employed,115230,355,0.4387711337294766,47788,Female,Married,0
Self-Employed,98836,762,0.25593192895844163,21848,Female,Married,1
Self-Employed,102258,756,0.48699568907638124,44542,Male,Single,0
Salaried,69986,382,0.4864607409380576,20160,Female,Married,0
Self-Employed,54160,398,0.3606480238270695,38998,Female,Single,0
Self-Employed,115595,448,0.5880069116396068,32230,Female,Married,0
Salaried,131358,628,0.1627751073813267,14076,Female,Married,1
Self-Employed,109111,455,0.1084738324447905,8805,Female,Married,0
Self-Employed,94929,489,0.48507910587854797,36085,Female,Married,0
Salaried,103506,793,0.5035777686824413,19715,Female,Single,0
Self-Employed,64911,562,0.16010361456028813,10750,Female,Single,0
Salaried,117127,379,0.23279141647930304,18232,Male,Married,0
Salaried,61821,699,0.10877618168331446,40903,Female,Married,1
Self-Employed,105039,559,0.24665430539028235,11953,Male,Single,0
Self-Employed,90535,400,0.48657093695933573,37093,Female,Single,0
Self-Employed,143453,658,0.35898026385628945,30500,Female,Single,1
Self-Employed,114458,679,0.274047796584144,27418,Female,Single,1
Salaried,42175,520,0.2858696474531651,39314,Female,Married,0
Self-Employed,149235,719,0.10067681285773408,27449,Male,Married,1
Salaried,84771,423,0.24990026378261795,22478,Male,Single,0
Self-Employed,136660,721,0.4232293708189653,40179,Female,Single,0
Self-Employed,116925,530,0.5870972219081786,30338,Male,Single,0
Self-Employed,143374,362,0.5235304134919497,31899,Female,Single,0
Salaried,96358,784,0.11179748232276457,9145,Female,Single,1
Self-Employed,47327,782,0.5492803023374196,37101,Male,Single,0
Self-Employed,77057,818,0.491599206649313,7775,Male,Married,0
Self-Employed,36150,454,0.49018806178549024,36647,Female,Married,0
Self-Employed,34425,391,0.3289978795017857,24539,Female,Married,0
Salaried,46032,825,0.2990026464772514,41738,Male,Single,1
Self-Employed,32198,754,0.25145786441659634,31616,Female,Single,1
Salaried,90500,809,0.1328474294771829,19119,Male,Single,1
Salaried,83394,482,0.21411768174684956,30159,Female,Married,0
Salaried,50079,685,0.22330181748901232,42099,Female,Single,1
Salaried,66220,704,0.34203853485510083,15295,Male,Single,1
Salaried,71874,545,0.473722203298347,39710,Male,Married,0
Salaried,43859,770,0.3369049141989733,29685,Male,Single,1
Self-Employed,80460,722,0.1289222247235803,30479,Female,Married,1
Salaried,61419,364,0.578894900494102,38629,Female,Married,0
Salaried,148865,312,0.5713621595470562,47043,Female,Single,0
Salaried,38705,512,0.49259477157420417,22033,Female,Married,0
Self-Employed,72880,541,0.5956639507821103,41902,Male,Single,0
Self-Employed,53236,792,0.3722411664001315,49571,Female,Married,1
Salaried,117955,512,0.581384175126603,20408,Female,Single,0
Self-Employed,115514,637,0.1378025203083754,22420,Female,Married,1
Salaried,133145,472,0.28284037413068563,21351,Male,Single,0
Salaried,45358,463,0.21269063400338292,9131,Female,Married,0
Self-Employed,129713,764,0.19791654206713502,49825,Female,Married,1
Salaried,124914,796,0.17040147444633805,16349,Male,Married,1
Self-Employed,132870,694,0.4112068207829983,49254,Female,Single,0
Self-Employed,106918,607,0.49066092787365256,43225,Female,Single,0
Salaried,149179,482,0.38914919971018036,43847,Male,Married,0
Salaried,146243,809,0.17348135479410484,17453,Female,Single,1
Self-Employed,44596,845,0.5055618849667355,23814,Female,Married,0
Salaried,63572,526,0.4179773535818643,23263,Female,Single,0
Salaried,108757,735,0.2940828530634978,17158,Male,Married,1
Salaried,31279,721,0.4370651477680315,20735,Female,Single,0
Self-Employed,93197,320,0.22995248962141643,20830,Female,Married,0
Self-Employed,141496,696,0.27259610424710523,49673,Male,Married,1
Salaried,92516,404,0.5587429215659951,28926,Male,Married,0
Self-Employed,37083,491,0.2452522528357102,39779,Female,Married,0
Self-Employed,139397,316,0.3349941340789683,8373,Female,Single,0
Self-Employed,47771,419,0.5450705686980073,15335,Female,Married,0
Self-Employed,59975,692,0.4538606751337637,28741,Female,Single,0
Self-Employed,75648,724,0.13110161308235138,15692,Male,Single,1
Salaried,78285,428,0.17365152213948518,39057,Female,Married,0
Salaried,49063,429,0.10392079538595841,6447,Male,Single,0
Salaried,97642,328,0.41546089511458173,24583,Male,Single,0
Self-Employed,120093,396,0.3238367127052092,27765,Female,Single,0
Self-Employed,144390,309,0.16713742545113777,28906,Female,Married,0
Salaried,116143,541,0.5789670605283852,24567,Male,Single,0
Self-Employed,67599,531,0.36482986197281,19139,Male,Single,0
Salaried,81920,583,0.2209466470564446,43230,Female,Married,0
Salaried,58529,499,0.3503017855773538,24520,Male,Married,0
Salaried,65954,378,0.4398101663675539,24702,Female,Single,0
Self-Employed,57856,472,0.13811960898678224,30566,Female,Married,0
Self-Employed,32573,766,0.237351907523946,12657,Male,Single,1
Salaried,108344,715,0.5034827454419968,42688,Male,Single,0
Salaried,65367,748,0.32983243520133065,35134,Female,Single,1
Salaried,132337,386,0.37328857101614743,15345,Male,Married,0
Salaried,136732,400,0.31640800110473466,46185,Female,Single,0
Self-Employed,129608,307,0.12194997132150256,32413,Female,Married,0
Self-Employed,90774,499,0.18287488991007797,10208,Female,Married,0
Salaried,53752,804,0.3227708193709454,38455,Male,Single,1
Salaried,85029,386,0.20459273270396391,33018,Female,Married,0
Self-Employed,47685,342,0.12498951432983937,13080,Female,Married,0
Self-Employed,81693,684,0.5218248320259119,26902,Female,Married,0
Salaried,146739,734,0.5905962645820579,14486,Female,Married,0
Salaried,85961,707,0.4965714369983697,43862,Female,Married,0
Salaried,136937,782,0.5268924608523335,26158,Female,Single,0
Self-Employed,106908,316,0.2209885651585227,45460,Female,Married,0
Self-Employed,104532,447,0.5803134877565999,48856,Female,Single,0
Self-Employed,111994,576,0.1984628522267142,40871,Female,Single,0
Salaried,86133,531,0.5757149051809162,40208,Female,Single,0
Salaried,127425,665,0.5974096469829755,25519,Female,Single,0
Self-Employed,91268,527,0.45586140287302435,36379,Male,Single,0
Self-Employed,122201,735,0.5905718658959109,33378,Female,Single,0
Salaried,68243,698,0.38476988978355187,44892,Female,Married,1
Self-Employed,87384,510,0.22977089158804517,19031,Female,Married,0
Self-Employed,61653,690,0.3184979428328104,19536,Male,Married,1
Salaried,56657,798,0.396780467689393,5446,Female,Single,1
Self-Employed,69952,839,0.1365407810135075,41683,Male,Married,1
Salaried,52180,790,0.4111716323086231,22618,Female,Married,0
Salaried,127432,741,0.5905889183811472,11587,Female,Married,0
Salaried,108411,560,0.19505382489186382,36480,Male,Single,0
Salaried,31622,649,0.49629755814419163,37994,Female,Married,0
Salaried,78756,651,0.5539493968898097,25527,Male,Single,0
Salaried,70809,819,0.5718507964101104,28569,Male,Married,0
Salaried,46725,619,0.5800678022027236,16151,Female,Single,0
Self-Employed,91396,437,0.360729819360736,10558,Female,Single,0
Salaried,81226,849,0.5886539539957518,49739,Female,Single,0
Salaried,136296,667,0.4786551035672194,37954,Female,Married,0
Self-Employed,111182,519,0.18083571811848095,48837,Male,Married,0
Self-Employed,112565,636,0.338450053233985,40303,Male,Single,1
Self-Employed,59402,522,0.459165587686002,39700,Female,Married,0
Salaried,34263,659,0.22367015790954167,32500,Male,Single,1
Self-Employed,126523,628,0.42030759177444366,7032,Male,Single,0
Salaried,76828,762,0.43330023952330965,6252,Female,Married,0
Salaried,77924,681,0.18134987190428295,10509,Male,Married,1
Salaried,104182,468,0.3825426562263782,42842,Male,Married,0
Salaried,123065,516,0.4858134554893039,18900,Female,Single,0
Self-Employed,89052,677,0.34944783226797094,19523,Male,Single,1
Self-Employed,41664,418,0.10605155838805372,6881,Female,Married,0
Salaried,65737,489,0.1045192345396461,38037,Male,Single,0
Salaried,131332,669,0.2785146719850061,6630,Female,Married,1
Salaried,119563,448,0.563097034215891,25789,Male,Single,0
Self-Employed,59373,787,0.2143383898018044,27523,Male,Married,1
Salaried,147369,673,0.4171818444358436,22958,Female,Married,0
Salaried,66397,459,0.2110379353466603,48852,Female,Single,0
Self-Employed,116145,650,0.26083499482977435,6695,Female,Married,1
Self-Employed,131371,587,0.524021044800742,19821,Female,Married,0
Salaried,68709,587,0.4644307211349734,8262,Male,Single,0
Self-Employed,146074,525,0.14769963865660532,6445,Male,Married,0
Self-Employed,91120,822,0.3143510104932168,21436,Male,Single,1
Salaried,49250,821,0.11458488182263224,14949,Female,Married,1
Self-Employed,51172,572,0.34044507330150453,28963,Male,Single,0
Salaried,41555,701,0.431217005850534,34932,Male,Married,0
Self-Employed,117410,482,0.15925131179907578,11901,Female,Married,0
Salaried,108617,787,0.24444246945458284,38487,Female,Married,1
Salaried,83276,423,0.2989183127510785,13597,Male,Married,0
Salaried,87492,713,0.5597655123280249,11855,Female,Single,0
Self-Employed,83002,471,0.596627507711482,23678,Male,Single,0
Salaried,119599,587,0.12245564949780793,13263,Male,Single,0
Self-Employed,102355,734,0.48050396174769605,30805,Female,Single,0
Salaried,121248,412,0.28586203320117165,31143,Male,Single,0
Salaried,54762,421,0.29622909311474,16874,Female,Single,0
Self-Employed,41046,843,0.4771324866735114,32529,Female,Single,0
Salaried,126999,521,0.5592132160727044,25866,Male,Married,0
Salaried,146021,338,0.5754642972512742,19079,Male,Married,0
Self-Employed,58769,796,0.3885612930191604,12243,Male,Married,1
Salaried,83302,532,0.2785605796502514,34872,Female,Married,0
Salaried,53150,829,0.4937745429293896,14018,Male,Single,0
Salaried,98247,448,0.22550069163115014,17100,Female,Single,0
Salaried,34853,696,0.38203701441675886,24800,Female,Single,1
Self-Employed,124613,601,0.2792892307624366,31910,Male,Married,1
Self-Employed,119399,659,0.4283155368539381,34437,Female,Single,0
Salaried,51792,537,0.22019945644675346,42588,Male,Married,0
Self-Employed,89129,535,0.1957964728674129,16001,Male,Single,0
Salaried,136019,502,0.5591195433377185,24942,Male,Single,0
Self-Employed,104478,555,0.15090184147476846,25862,Male,Single,0
Salaried,143811,534,0.3529789538674658,16669,Male,Single,0
Salaried,144130,644,0.21042639148150447,20916,Male,Married,1
Salaried,97298,833,0.11946498166283373,15878,Male,Married,1
Salaried,61987,765,0.1180094091457132,7985,Female,Single,1
Salaried,45850,840,0.18761088605291368,37369,Male,Married,1
Salaried,42112,512,0.5333851772530002,13112,Female,Single,0
Self-Employed,54058,762,0.24123937198851333,46235,Female,Single,1
Salaried,75420,735,0.5752295852876479,23931,Female,Single,0
Self-Employed,68890,582,0.3908111464945968,32340,Male,Single,0
Salaried,96017,762,0.318307094884383,5336,Female,Married,1
Self-Employed,77304,706,0.3900444173347273,47933,Female,Single,1
Self-Employed,62921,387,0.3583491926131339,24363,Male,Single,0
Self-Employed,135921,343,0.4793881268786626,8968,Male,Married,0
Salaried,31524,760,0.24124803298642614,38678,Female,Single,1
Salaried,130424,577,0.2765251958001512,21279,Male,Married,0
Self-Employed,45048,720,0.5470471512666254,8129,Male,Single,0
Salaried,65111,652,0.5732282565752027,43215,Male,Single,0
Self-Employed,67904,814,0.5462791137432372,43897,Male,Single,0
Salaried,84912,318,0.3097239969786568,10850,Female,Single,0
Self-Employed,64008,322,0.4901827515034408,25588,Male,Single,0
Self-Employed,30060,712,0.33816786665054943,45214,Male,Single,1
Salaried,104666,329,0.34876992607305113,16949,Male,Married,0
Self-Employed,113559,407,0.20234005452864198,13519,Female,Single,0
Salaried,85337,666,0.3955651516292582,31375,Female,Married,1
Self-Employed,140616,580,0.19306794887667397,38082,Male,Married,0
Self-Employed,43350,427,0.2657823495335969,16737,Male,Single,0
Salaried,54354,528,0.5275151008099676,6134,Female,Married,0
Salaried,75186,410,0.20353790460542762,15938,Male,Single,0
Salaried,58145,435,0.1355791425867164,29486,Male,Married,0
Self-Employed,64020,661,0.13450379630640816,31096,Female,Single,1
Salaried,116123,485,0.570392260251554,46115,Male,Married,0
Self-Employed,136667,428,0.3534602189809173,10592,Male,Married,0
Self-Employed,105186,560,0.3047060359085092,23108,Female,Single,0
Salaried,115469,814,0.5054392905039592,22270,Female,Married,0
Salaried,50581,748,0.517912963955258,32649,Male,Single,0
Self-Employed,118929,403,0.2660955165578023,15997,Female,Single,0
Self-Employed,53051,782,0.44680902873689765,38489,Male,Single,0
Salaried,81474,523,0.48556140792594327,14104,Male,Single,0
Salaried,121748,790,0.42732534343297723,5870,Male,Single,0
Salaried,144618,772,0.1757975374000497,33684,Female,Married,1
Salaried,99626,309,0.5379415417585285,44519,Female,Married,0
Salaried,36960,704,0.36954727636800433,39524,Male,Married,1
Self-Employed,65772,601,0.24123621318500185,35957,Male,Single,1
Self-Employed,51520,530,0.312614092718847,38885,Female,Married,0
Self-Employed,79481,365,0.1187855451994537,49369,Female,Married,0
Self-Employed,66408,411,0.16393340061120878,40596,Female,Married,0
Salaried,124006,312,0.4827733752579304,34866,Male,Married,0
Salaried,87134,692,0.10000581737768308,35676,Female,Married,1
Salaried,50491,799,0.30828291424114607,18878,Female,Single,1
Self-Employed,31341,533,0.36125509054279425,44760,Male,Single,0
Self-Employed,74623,613,0.12731721000048615,32559,Male,Married,1
Salaried,120327,311,0.5865390814861664,11771,Male,Single,0
Salaried,30338,508,0.21306266562483597,21526,Female,Single,0
Self-Employed,101431,313,0.25209935981814047,34896,Male,Married,0
Self-Employed,42254,717,0.2519712561275137,36923,Male,Married,1
Salaried,81860,736,0.21520833105867496,41203,Male,Single,1
Salaried,41344,676,0.10073691104315571,44390,Male,Married,1
Self-Employed,31750,319,0.4646723970439982,17852,Female,Single,0
Salaried,84756,369,0.5834227498996427,48391,Male,Single,0
Salaried,97957,510,0.21214674164252253,6848,Female,Married,0
Salaried,135423,400,0.4315235959017112,36027,Female,Single,0
Self-Employed,88053,431,0.47094816347935753,40464,Female,Single,0
Self-Employed,100855,680,0.5242126895452623,39485,Male,Single,0
Self-Employed,45896,431,0.31131459850680454,24456,Female,Married,0
Self-Employed,85761,319,0.2514654528202146,14259,Male,Married,0
Self-Employed,92552,835,0.2626475670115156,40554,Male,Married,1
Self-Employed,107454,526,0.45631066654925645,18409,Male,Married,0
Self-Employed,148681,453,0.508389733252818,8791,Female,Single,0
Salaried,120600,768,0.19080698387830133,30864,Male,Married,1
Salaried,142153,704,0.28547050407888264,41639,Male,Married,1
Salaried,57935,501,0.550970098374575,39574,Male,Married,0
Salaried,67641,337,0.5033467598473697,22888,Female,Married,0
Salaried,59711,487,0.5924292013812379,24692,Female,Single,0
Salaried,100342,356,0.47712412984104036,28501,Female,Single,0
Salaried,136896,319,0.2965976005139611,18304,Male,Single,0
Self-Employed,42182,572,0.3953189169973189,32527,Female,Married,0
Self-Employed,117833,418,0.4305071271236601,23074,Male,Married,0
Salaried,86276,815,0.13922790815856198,20549,Male,Single,1
Salaried,49541,520,0.3722484795519325,34963,Female,Married,0
Self-Employed,124457,825,0.45466041423630477,30920,Male,Married,0
Salaried,112310,814,0.1836606520005302,35826,Female,Single,1
Salaried,74813,635,0.4903158587127786,41071,Male,Single,0
Self-Employed,67198,354,0.39188639025705585,21061,Female,Married,0
Salaried,38820,799,0.5761108928487974,33810,Male,Married,0
Self-Employed,54070,835,0.12121114910344585,27800,Male,Married,1
Salaried,99768,461,0.2326630687777335,48423,Male,Single,0
Self-Employed,41122,458,0.400776939649912,46692,Male,Single,0
Self-Employed,110559,487,0.24827995610296535,14940,Male,Single,0
Self-Employed,103543,359,0.45721208203562114,8924,Female,Single,0
Salaried,113441,618,0.47950264126096553,33054,Male,Married,0
Self-Employed,71786,510,0.15125798203323723,14783,Female,Single,0
Salaried,124934,705,0.35692723210338384,42253,Female,Single,1
Salaried,129804,408,0.3544452777955279,18233,Female,Married,0
Salaried,36737,375,0.28464038510777057,29484,Male,Married,0
Salaried,66062,841,0.5664624312848361,30068,Male,Married,0
Self-Employed,84237,613,0.5137531599366106,5191,Male,Single,0
Self-Employed,81571,416,0.44860469095481836,30074,Female,Married,0
Salaried,55510,318,0.45716331786749875,9917,Male,Married,0
Salaried,49426,731,0.3308580719065596,43599,Male,Single,1
Self-Employed,67265,649,0.560497260548288,30832,Female,Single,0
Salaried,47850,482,0.4472977136266427,47928,Female,Married,0
Self-Employed,148249,412,0.46449053082790825,25706,Female,Single,0
Salaried,96150,482,0.5308454518936726,18682,Female,Married,0
Salaried,117312,780,0.2370357946710955,31762,Female,Married,1
Self-Employed,119613,445,0.5035354519333515,28383,Female,Single,0
Salaried,104910,412,0.19762030147824602,32796,Male,Married,0
Self-Employed,82375,775,0.27267097612244395,28666,Female,Single,1
Salaried,65435,602,0.2678052271349214,30662,Male,Single,1
Salaried,126443,417,0.5892627341945703,39642,Male,Single,0
Salaried,87132,460,0.5282686118739635,46830,Male,Married,0
Self-Employed,108945,700,0.45058493079512985,42531,Female,Single,0
Salaried,112050,497,0.4635283808076951,15234,Male,Single,0
Salaried,125402,559,0.38103639720128557,14221,Female,Married,0
Salaried,32983,346,0.5735453335542595,16410,Female,Married,0
Salaried,127241,698,0.3481293764411808,19519,Male,Married,1
Self-Employed,50662,377,0.2902588549349473,6051,Female,Married,0
Self-Employed,53510,423,0.1815176684657955,49993,Male,Single,0
Salaried,108187,374,0.493102826130529,14765,Male,Single,0
Self-Employed,70998,436,0.46722196603779576,16382,Female,Single,0
Salaried,86846,699,0.2921775192620675,17580,Male,Married,1
Salaried,124071,804,0.11259670697961469,37323,Male,Married,1
Salaried,36640,799,0.5194986638590053,49757,Male,Single,0
Self-Employed,74547,437,0.10570899172703682,16939,Female,Married,0
Self-Employed,84620,349,0.45184988981452545,34964,Male,Married,0
Self-Employed,45317,553,0.5851285548630285,5307,Female,Single,0
Self-Employed,145608,725,0.31883066407410177,8359,Female,Single,1
Self-Employed,37564,846,0.2174867024979764,34648,Male,Married,1
Self-Employed,57345,601,0.45243550502169083,40944,Male,Married,0
Self-Employed,143824,648,0.5085640710077926,39019,Female,Married,0
Self-Employed,124223,348,0.3732151580389237,43134,Female,Single,0
Self-Employed,109273,373,0.5835176376280731,32323,Male,Single,0
Salaried,104859,560,0.12583436082898056,11226,Male,Single,0
Self-Employed,110765,655,0.3523977991522641,26689,Female,Single,1
Self-Employed,140017,559,0.4592269736612751,35971,Female,Single,0
Self-Employed,104038,594,0.5313202355745895,30954,Female,Married,0
Self-Employed,82393,612,0.18962780595389503,29423,Female,Married,1
Self-Employed,96081,481,0.5000017408818407,35391,Female,Married,0
Self-Employed,132650,663,0.3763535378592726,19330,Male,Single,1
Self-Employed,59430,487,0.29827684099498164,9891,Female,Single,0
Self-Employed,105532,842,0.1658575142895468,9992,Female,Single,1
Self-Employed,57788,847,0.5326478794544562,6961,Male,Married,0
Self-Employed,125505,707,0.17863660408985768,17497,Male,Single,1
Self-Employed,78543,713,0.2548939296045496,37551,Female,Single,1
Salaried,43919,641,0.24502276598121844,15848,Female,Married,1
Salaried,99346,519,0.5357070170954271,18255,Male,Single,0
Self-Employed,126122,462,0.436351497104449,9567,Female,Married,0
Self-Employed,69974,519,0.4983406985956862,44281,Female,Single,0
Salaried,137309,569,0.2252339493962495,25389,Male,Single,0
